Measurement_date,Station_code,SO2,NO2,O3,CO,PM2_5,PM10
2017-01-01,101,0.004,0.056,0.002,1,69,85
2017-01-01,104,0.006,0.042,0.007,0.7,45,70
2017-01-01,106,0.005,0.055,0.003,1.1,67.5,78
2017-01-01,112,0.005,0.044,0.002,0.9,69,82
2017-01-01,116,0.006,0.0515,0.002,1,56.5,73
2017-01-01,117,0.007,0.036,0.003,1,58,76
2017-01-02,101,0.005,0.0475,0.013,1,76.5,92.5
2017-01-02,104,0.007,0.04,0.0105,0.6,69,90
2017-01-02,106,0.005,0.0475,0.0115,1.1,80,85
2017-01-02,112,0.006,0.035,0.027,0.9,75,90
2017-01-02,116,0.0065,0.0395,0.0085,0.65,64.5,93.5
2017-01-02,117,0.008,0.0325,0.0115,0.8,69,95
2017-01-03,101,0.005,0.052,0.012,0.8,53,75
2017-01-03,104,0.005,0.0395,0.0145,0.4,48,80
2017-01-03,106,0.005,0.0525,0.009,0.9,61,77
2017-01-03,112,0.006,0.0385,0.0145,0.7,63,79.5
2017-01-03,116,0.007,0.045,0.011,0.7,50,77.5
2017-01-03,117,0.007,0.0295,0.0145,0.6,53,85.5
2017-01-04,101,0.005,0.061,0.003,0.9,33,50
2017-01-04,104,0.005,0.0355,0.004,0.6,27.5,45.5
2017-01-04,106,0.005,0.0645,0.003,1.1,39.5,51.5
2017-01-04,112,0.006,0.053,0.0065,0.8,31,41
2017-01-04,116,0.007,0.0545,0.002,0.7,35,64.5
2017-01-04,117,0.0075,0.0415,0.003,0.75,35,62.5
2017-01-05,101,0.004,0.042,0.0105,0.45,26.5,41
2017-01-05,104,0.004,0.0145,0.0105,0.65,20,31
2017-01-05,106,0.004,0.043,0.0095,0.65,22.5,32.5
2017-01-05,112,0.005,0.032,0.013,0.6,27,38
2017-01-05,116,0.006,0.044,0.0035,0.7,30,58
2017-01-05,117,0.006,0.03,0.009,0.45,16,36
2017-01-06,101,0.004,0.0385,0.0125,0.5,8.5,19
2017-01-06,104,0.003,0.019,0.01,0.3,10,14
2017-01-06,106,0.004,0.04,0.011,0.55,12,16
2017-01-06,112,0.0045,0.0325,0.0115,0.5,6.5,9.5
2017-01-06,116,0.005,0.0375,0.009,0.4,10.5,16
2017-01-06,117,0.006,0.0285,0.011,0.4,12.5,17.5
2017-01-07,101,0.005,0.061,0.002,0.9,39.5,55.5
2017-01-07,104,0.003,0.033,0.005,0.6,22.5,34
2017-01-07,106,0.004,0.056,0.003,1,41.5,56.5
2017-01-07,112,0.005,0.039,0.0045,0.7,35.5,45.5
2017-01-07,116,0.007,0.0535,0.002,0.8,34,55.5
2017-01-07,117,0.006,0.039,0.003,0.9,31,51.5
2017-01-08,101,0.004,0.0325,0.019,0.5,21.5,29.5
2017-01-08,104,0.004,0.0255,0.0105,0.5,18.5,27.5
2017-01-08,106,0.003,0.0355,0.0155,0.6,26,32.5
2017-01-08,112,0.005,0.022,0.0305,0.5,17.5,21.5
2017-01-08,116,0.006,0.0335,0.015,0.5,28.5,41.5
2017-01-08,117,0.006,0.026,0.0145,0.45,19.5,28.5
2017-01-09,101,0.005,0.024,0.0285,0.55,37.5,48
2017-01-09,104,0.004,0.0165,0.016,0.6,40.5,52
2017-01-09,106,0.005,0.025,0.026,0.6,45,55.5
2017-01-09,112,0.006,0.0115,0.04,0.5,37.5,44
2017-01-09,116,0.007,0.0175,0.03,0.5,40,56
2017-01-09,117,0.007,0.016,0.0275,0.5,40.5,57.5
2017-01-10,101,0.004,0.0185,0.022,0.4,15,30.5
2017-01-10,104,0.003,0.0105,0.013,0.6,14,33
2017-01-10,106,0.004,0.023,0.0215,0.5,17.5,32
2017-01-10,112,0.004,0.008,0.0325,0.4,11.5,24
2017-01-10,116,0.006,0.017,0.0255,0.3,14,38.5
2017-01-10,117,0.006,0.0155,0.0185,0.3,13,32.5
2017-01-11,101,0.004,0.0315,0.0155,0.4,11,20
2017-01-11,104,0.002,0.017,0.012,0.7,12,24
2017-01-11,106,0.004,0.0375,0.0115,0.55,15,25
2017-01-11,112,0.004,0.023,0.0235,0.4,9.5,13.5
2017-01-11,116,0.006,0.0355,0.0145,0.4,11.5,27
2017-01-11,117,0.006,0.0235,0.012,0.2,10.5,24
2017-01-12,101,0.004,0.02,0.023,0.4,15.5,27
2017-01-12,104,0.003,0.016,0.0135,0.75,17,31
2017-01-12,106,0.005,0.0285,0.018,0.55,22.5,34
2017-01-12,112,0.004,0.011,0.033,0.4,14,22
2017-01-12,116,0.006,0.023,0.0145,0.4,16,34.5
2017-01-12,117,0.006,0.0215,0.015,0.4,18.5,33
2017-01-13,101,0.003,0.018,0.024,0.3,11.5,26.5
2017-01-13,104,0.002,0.01,0.0145,0.7,14,31.5
2017-01-13,106,0.004,0.022,0.0205,0.5,16,25
2017-01-13,112,0.004,0.0095,0.0315,0.4,10.5,22
2017-01-13,116,0.005,0.0175,0.0245,0.4,12,26.5
2017-01-13,117,0.005,0.0155,0.02,0.4,14.5,27
2017-01-14,101,0.003,0.012,0.025,0.3,10,32
2017-01-14,104,0.002,0.007,0.013,0.9,13,47.5
2017-01-14,106,0.004,0.016,0.0225,0.4,16,41.5
2017-01-14,112,0.003,0.005,0.031,0.3,8.5,30.5
2017-01-14,116,0.005,0.0115,0.026,0.3,11,46.5
2017-01-14,117,0.005,0.011,0.021,0.4,17,53.5
2017-01-15,101,0.003,0.0185,0.02,0.4,13,24.5
2017-01-15,104,0.002,0.0095,0.011,1.1,14,27
2017-01-15,106,0.004,0.018,0.021,0.5,17.5,29
2017-01-15,112,0.004,0.0175,0.0215,0.45,12.5,22
2017-01-15,116,0.0055,0.015,0.0215,0.4,13,28.5
2017-01-15,117,0.005,0.016,0.015,0.4,15.5,29.5
2017-01-16,101,0.004,0.0405,0.0055,0.7,25,40
2017-01-16,104,0.0025,0.026,0.004,1.1,23,41
2017-01-16,106,0.004,0.0455,0.003,0.8,23.5,40.5
2017-01-16,112,0.004,0.034,0.0095,0.7,20,31.5
2017-01-16,116,0.006,0.043,0.0045,0.6,21.5,45
2017-01-16,117,0.006,0.0325,0.003,0.8,23.5,47
2017-01-17,101,0.005,0.065,0.002,1.15,47,59.5
2017-01-17,104,0.006,0.0535,0.004,1,36,54
2017-01-17,106,0.006,0.0695,0.003,1.2,53,67
2017-01-17,112,0.006,0.053,0.002,0.95,41,57
2017-01-17,116,0.009,0.0615,0.002,1.05,43.5,68.5
2017-01-17,117,0.007,0.049,0.003,1.2,38.5,69
2017-01-18,101,0.005,0.0535,0.004,1,83,95
2017-01-18,104,0.007,0.0455,0.005,0.95,77.5,105
2017-01-18,106,0.005,0.0575,0.004,1.1,94,104.5
2017-01-18,112,0.006,0.04,0.0065,0.95,70,86
2017-01-18,116,0.008,0.057,0.002,0.9,78.5,110.5
2017-01-18,117,0.008,0.04,0.003,0.95,77,116
2017-01-19,101,0.005,0.053,0.0065,1,81.5,100.5
2017-01-19,104,0.0065,0.043,0.009,0.9,60,96
2017-01-19,106,0.005,0.0595,0.005,1.1,86.5,102
2017-01-19,112,0.005,0.037,0.0115,0.8,65.5,81
2017-01-19,116,0.008,0.0475,0.003,0.9,76.5,113
2017-01-19,117,0.008,0.0405,0.0035,0.95,74.5,110
2017-01-20,101,0.004,0.0235,0.022,0.5,42,54
2017-01-20,104,0.006,0.0205,0.024,0.5,36,62.5
2017-01-20,106,0.004,0.0325,0.016,0.65,46.5,53.5
2017-01-20,112,0.005,0.0145,0.0315,0.6,37,48
2017-01-20,116,0.007,0.026,0.0175,0.5,37,58.5
2017-01-20,117,0.006,0.019,0.0155,0.6,39,56
2017-01-21,101,0.003,0.049,0.005,0.7,43.5,50.5
2017-01-21,104,0.005,0.0375,0.009,0.7,27,46.5
2017-01-21,106,0.003,0.05,0.0065,0.75,37,45
2017-01-21,112,0.004,0.038,0.011,0.7,31,40
2017-01-21,116,0.006,0.0435,0.0075,0.6,28.5,0
2017-01-21,117,0.006,0.0305,0.0065,0.6,27,43
2017-01-22,101,0.005,0.011,0.03,0.4,25,56
2017-01-22,104,0.006,0.0095,0.031,0.45,26.5,75
2017-01-22,106,0.005,0.0165,0.026,0.5,30.5,56.5
2017-01-22,112,0.005,0.0075,0.034,0.4,20,56
2017-01-22,116,0.007,0.015,0.03,0.4,22,0
2017-01-22,117,0.006,0.012,0.023,0.45,28.5,61
2017-01-23,101,0.004,0.021,0.024,0.5,39,46
2017-01-23,104,0.0045,0.015,0.0285,0.6,35,57
2017-01-23,106,0.004,0.031,0.0185,0.6,39,47
2017-01-23,112,0.004,0.0175,0.0285,0.5,37,43.5
2017-01-23,116,0.006,0.023,0.023,0.5,30.5,0
2017-01-23,117,0.006,0.018,0.0195,0.5,32,49
2017-01-24,101,0.004,0.0295,0.0185,0.5,26,33.5
2017-01-24,104,0.004,0.0215,0.0185,0.65,25,36
2017-01-24,106,0.004,0.0365,0.014,0.6,29,35
2017-01-24,112,0.004,0.028,0.0215,0.6,22.5,28.5
2017-01-24,116,0.006,0.0345,0.0125,0.5,29,12.5
2017-01-24,117,0.006,0.027,0.012,0.6,26.5,40
2017-01-25,101,0.005,0.0515,0.0055,0.75,37,44
2017-01-25,104,0.004,0.0335,0.0085,0.8,31.5,49.5
2017-01-25,106,0.005,0.0595,0.005,0.85,39,47.5
2017-01-25,112,0.004,0.041,0.0095,0.7,27,34
2017-01-25,116,0.007,0.0515,0.0045,0.65,30.5,46
2017-01-25,117,0.007,0.0375,0.004,0.7,31,49
2017-01-26,101,0.0045,0.0675,0.0055,1.1,57,70.5
2017-01-26,104,0.006,0.045,0.01,1,39,54.5
2017-01-26,106,0.005,0.0645,0.008,1.05,52,62.5
2017-01-26,112,0.0065,0.061,0.005,0.85,50,61.5
2017-01-26,116,0.0075,0.0635,0.006,0.95,42.5,62
2017-01-26,117,0.007,0.0425,0.0045,1,43,62.5
2017-01-27,101,0.003,0.012,0.03,0.3,13,73.5
2017-01-27,104,0.004,0.0085,0.0325,0.6,18,92.5
2017-01-27,106,0.003,0.0135,0.026,0.4,16.5,71
2017-01-27,112,0.004,0.0105,0.033,0.3,9.5,66.5
2017-01-27,116,0.006,0.0125,0.0295,0.3,12,88.5
2017-01-27,117,0.005,0.011,0.022,0.4,31.5,76.5
2017-01-28,101,0.003,0.03,0.014,0.4,10,28
2017-01-28,104,0.004,0.0265,0.0145,0.7,12,28
2017-01-28,106,0.003,0.0315,0.0145,0.6,14.5,28
2017-01-28,112,0.004,0.032,0.015,0.6,8.5,19
2017-01-28,116,0.0055,0.0355,0.008,0.55,13.5,34.5
2017-01-28,117,0.005,0.026,0.009,0.5,14,33
2017-01-29,101,0.003,0.044,0.0025,0.7,16,24.5
2017-01-29,104,0.004,0.0315,0.005,0.9,14.5,26.5
2017-01-29,106,0.003,0.043,0.004,0.7,19,26.5
2017-01-29,112,0.004,0.0405,0.003,0.7,13.5,20
2017-01-29,116,0.006,0.035,0.003,0.6,16,31
2017-01-29,117,0.005,0.03,0.0035,0.6,16,29
2017-01-30,101,0.003,0.014,0.027,0.4,27,35.5
2017-01-30,104,0.005,0.009,0.03,0.75,25,42.5
2017-01-30,106,0.004,0.015,0.025,0.5,27.5,35
2017-01-30,112,0.0045,0.009,0.0345,0.4,26.5,36
2017-01-30,116,0.006,0.0125,0.028,0.4,24,35
2017-01-30,117,0.006,0.011,0.023,0.4,27,40
2017-01-31,101,0.003,0.04,0.0105,0.5,17.5,24
2017-01-31,104,0.004,0.021,0.022,0.7,14.5,23
2017-01-31,106,0.003,0.035,0.016,0.6,18,25.5
2017-01-31,112,0.003,0.025,0.018,0.5,14,18
2017-01-31,116,0.006,0.032,0.012,0.5,16.5,29
2017-01-31,117,0.006,0.0255,0.01,0.5,16,27
2017-02-01,101,0.004,0.026,0.0225,0.5,20.5,34.5
2017-02-01,104,0.004,0.019,0.0255,0.8,17,33.5
2017-02-01,106,0.004,0.0295,0.0195,0.6,20.5,31.5
2017-02-01,112,0.004,0.017,0.031,0.5,15.5,28
2017-02-01,116,0.006,0.024,0.023,0.5,22.5,39
2017-02-01,117,0.006,0.02,0.018,0.5,21.5,36
2017-02-02,101,0.004,0.032,0.018,0.5,15,28.5
2017-02-02,104,0.004,0.0195,0.0265,0.8,19.5,33.5
2017-02-02,106,0.004,0.0365,0.0145,0.6,17,28.5
2017-02-02,112,0.005,0.022,0.028,0.5,17.5,27
2017-02-02,116,0.006,0.036,0.017,0.5,14,31
2017-02-02,117,0.006,0.03,0.01,0.55,17.5,31.5
2017-02-03,101,0.0045,0.0495,0.0195,0.8,50.5,67
2017-02-03,104,0.005,0.0365,0.0195,1.1,44,68.5
2017-02-03,106,0.005,0.051,0.019,0.8,55,73
2017-02-03,112,0.0045,0.0345,0.025,0.7,42.5,54
2017-02-03,116,0.007,0.053,0.014,0.7,40,70.5
2017-02-03,117,0.007,0.0415,0.0075,0.8,41,67.5
2017-02-04,101,0.005,0.07,0.003,1.2,78.5,93.5
2017-02-04,104,0.005,0.0475,0.0075,1.2,41.5,64
2017-02-04,106,0.0045,0.0715,0.003,1.2,76,91.5
2017-02-04,112,0.005,0.059,0.0055,0.9,62,75
2017-02-04,116,0.007,0.068,0.002,1.1,69,98
2017-02-04,117,0.006,0.049,0.003,1.2,70.5,105
2017-02-05,101,0.003,0.031,0.002,0.5,14,21.5
2017-02-05,104,0.005,0.029,0.0195,1.3,47,72.5
2017-02-05,106,0.004,0.041,0.0145,1.05,77,87.5
2017-02-05,112,0.005,0.0415,0.011,0.8,57,63.5
2017-02-05,116,0.006,0.0335,0.0145,0.7,51,67
2017-02-05,117,0.006,0.0285,0.008,0.8,60.5,74
2017-02-06,101,0.004,0.02,0.0225,0.4,17.5,29
2017-02-06,104,0.005,0.0165,0.0335,0.9,26.5,42.5
2017-02-06,106,0.004,0.022,0.028,0.5,30,37.5
2017-02-06,112,0.004,0.009,0.041,0.4,26,32.5
2017-02-06,116,0.006,0.018,0.0335,0.4,21,39.5
2017-02-06,117,0.006,0.0155,0.025,0.4,25,39.5
2017-02-07,101,0.004,0.0465,0.0075,0.65,24,38.5
2017-02-07,104,0.005,0.0365,0.011,0.7,19.5,34.5
2017-02-07,106,0.004,0.048,0.006,0.7,26.5,40
2017-02-07,112,0.004,0.0385,0.012,0.6,23,35
2017-02-07,116,0.006,0.0425,0.0085,0.5,22.5,49
2017-02-07,117,0.006,0.033,0.004,0.6,21,40
2017-02-08,101,0.004,0.0505,0.0065,0.7,32.5,47
2017-02-08,104,0.004,0.0385,0.011,0.8,26.5,48
2017-02-08,106,0.004,0.0475,0.0065,0.8,34.5,50
2017-02-08,112,0.004,0.0445,0.0055,0.5,27.5,39.5
2017-02-08,116,0.007,0.034,0.0095,0.55,28,57.5
2017-02-08,117,0.006,0.031,0.005,0.6,29,54.5
2017-02-09,101,0.004,0.018,0.0265,0.4,15,41
2017-02-09,104,0.004,0.0155,0.0305,0.6,21,53
2017-02-09,106,0.004,0.0205,0.024,0.5,18.5,43.5
2017-02-09,112,0.004,0.008,0.037,0.35,15.5,40.5
2017-02-09,116,0.006,0.015,0.027,0.4,16.5,51
2017-02-09,117,0.006,0.012,0.0225,0.4,19,50
2017-02-10,101,0.004,0.0165,0.027,0.4,16,29
2017-02-10,104,0.003,0.012,0.031,0.6,18,34.5
2017-02-10,106,0.003,0.018,0.025,0.5,20,29.5
2017-02-10,112,0.003,0.006,0.035,0.3,15,26
2017-02-10,116,0.006,0.0135,0.0285,0.4,17,35.5
2017-02-10,117,0.0055,0.012,0.022,0.4,18,34
2017-02-11,101,0.004,0.0175,0.0255,0.4,15.5,25.5
2017-02-11,104,0.004,0.0165,0.0265,0.6,16.5,31.5
2017-02-11,106,0.003,0.0215,0.023,0.5,18,27
2017-02-11,112,0.003,0.0125,0.032,0.4,13,22
2017-02-11,116,0.006,0.012,0.0265,0.4,15.5,30
2017-02-11,117,0.006,0.012,0.0225,0.4,17,28.5
2017-02-12,101,0.004,0.026,0.0245,0.45,16,27
2017-02-12,104,0.004,0.0175,0.026,0.7,16,30
2017-02-12,106,0.004,0.029,0.022,0.6,19,28.5
2017-02-12,112,0.005,0.0205,0.025,0.5,16,24
2017-02-12,116,0.006,0.021,0.0265,0.4,16,30.5
2017-02-12,117,0.006,0.0225,0.016,0.5,19,32
2017-02-13,101,0.005,0.056,0.0065,0.65,30,42.5
2017-02-13,104,0.005,0.048,0.009,0.9,24,37
2017-02-13,106,0.005,0.0575,0.0055,0.8,30.5,41
2017-02-13,112,0.005,0.0395,0.0155,0.5,25.5,36
2017-02-13,116,0.0075,0.0515,0.003,0.65,27.5,45
2017-02-13,117,0.0075,0.0385,0.003,0.65,27,51.5
2017-02-14,101,0.005,0.029,0.025,0.5,32,45.5
2017-02-14,104,0.005,0.0285,0.0325,0.8,29,52
2017-02-14,106,0.004,0.0355,0.016,0.7,37,50
2017-02-14,112,0.005,0.0225,0.0285,0.5,27,40.5
2017-02-14,116,0.006,0.036,0.015,0.5,32.5,59
2017-02-14,117,0.007,0.0255,0.014,0.6,31,50
2017-02-15,101,0.0075,0.071,0.0025,1.05,41,56.5
2017-02-15,104,0.006,0.055,0.0055,1.2,32.5,49
2017-02-15,106,0.006,0.0685,0.003,1,42.5,54.5
2017-02-15,112,0.007,0.0575,0.007,0.85,41.5,59
2017-02-15,116,0.008,0.058,0.003,0.65,33.5,50.5
2017-02-15,117,0.008,0.0405,0.003,0.7,35.5,49
2017-02-16,101,0.007,0.0615,0.0085,1.45,66.5,77
2017-02-16,104,0.007,0.0515,0.017,1.2,28.5,47.5
2017-02-16,106,0.006,0.0695,0.0075,1.15,57,77.5
2017-02-16,112,0.006,0.0655,0.005,1.2,55,71.5
2017-02-16,116,0.008,0.0515,0.01,0.5,39,68.5
2017-02-16,117,0.007,0.035,0.011,0.6,40.5,59
2017-02-17,101,0.004,0.015,0.0305,0.3,15,38.5
2017-02-17,104,0.004,0.015,0.0355,0.8,16.5,45
2017-02-17,106,0.003,0.0205,0.027,0.5,18,37
2017-02-17,112,0.003,0.01,0.0385,0.3,12,32.5
2017-02-17,116,0.006,0.014,0.0335,0.3,16.5,45
2017-02-17,117,0.006,0.013,0.0245,0.4,20,41.5
2017-02-18,101,0.004,0.0195,0.0305,0.4,13,26.5
2017-02-18,104,0.004,0.015,0.0325,0.8,15.5,32.5
2017-02-18,106,0.004,0.0235,0.027,0.5,17,29
2017-02-18,112,0.004,0.0155,0.034,0.4,13,26
2017-02-18,116,0.006,0.021,0.0325,0.4,15,34
2017-02-18,117,0.006,0.017,0.0225,0.4,17,33
2017-02-19,101,0.004,0.0375,0.0195,0.55,26.5,41.5
2017-02-19,104,0.004,0.0255,0.03,1,23,41
2017-02-19,106,0.004,0.034,0.0245,0.6,29,42
2017-02-19,112,0.003,0.042,0.0105,0.7,25,41.5
2017-02-19,116,0.006,0.033,0.0235,0.5,25,45
2017-02-19,117,0.006,0.021,0.024,0.5,25.5,43
2017-02-20,101,0.003,0.0155,0.035,0.4,18.5,35.5
2017-02-20,104,0.004,0.013,0.037,0.8,20,43
2017-02-20,106,0.003,0.019,0.0295,0.5,24,36.5
2017-02-20,112,0.003,0.008,0.043,0.35,16,31
2017-02-20,116,0.005,0.014,0.035,0.4,20,45.5
2017-02-20,117,0.006,0.0125,0.0255,0.4,23,41.5
2017-02-21,101,0.005,0.0495,0.01,0.7,29.5,44.5
2017-02-21,104,0.004,0.026,0.0125,0.6,23.5,37.5
2017-02-21,106,0.004,0.054,0.009,0.8,22.5,29
2017-02-21,112,0.004,0.0405,0.016,0.6,26,38.5
2017-02-21,116,0.006,0.0465,0.0125,0.6,23,51.5
2017-02-21,117,0.006,0.033,0.0075,0.6,25.5,43.5
2017-02-22,101,0.003,0.0435,0.0065,0.6,27,35.5
2017-02-22,104,0.0015,0.008,0.003,0.2,5.5,12
2017-02-22,106,0.003,0.045,0.0085,0.7,28,39
2017-02-22,112,0.0035,0.0375,0.008,0.6,24,30
2017-02-22,116,0.006,0.045,0.0025,0.6,32.5,46
2017-02-22,117,0.0055,0.032,0.003,0.65,25.5,38.5
2017-02-23,101,0.004,0.016,0.036,0.4,17,30.5
2017-02-23,104,0,0,0,0,0,0
2017-02-23,106,0.004,0.021,0.0315,0.5,20,34
2017-02-23,112,0.004,0.009,0.0425,0.4,15,28
2017-02-23,116,0.006,0.014,0.039,0.4,16,35
2017-02-23,117,0.006,0.012,0.0295,0.4,21,36.5
2017-02-24,101,0.005,0.029,0.0255,0.4,16,26
2017-02-24,104,0.004,0.018,0.0325,0.3,17,30
2017-02-24,106,0.004,0.03,0.0245,0.5,19,27
2017-02-24,112,0.004,0.0225,0.029,0.5,14,22
2017-02-24,116,0.007,0.0335,0.0215,0.4,16.5,32
2017-02-24,117,0.007,0.021,0.021,0.4,15,26
2017-02-25,101,0.005,0.0435,0.018,0.6,33.5,48
2017-02-25,104,0.0045,0.036,0.0095,0.55,26.5,43
2017-02-25,106,0.005,0.041,0.0195,0.7,38.5,53.5
2017-02-25,112,0.005,0.032,0.024,0.7,27.5,37.5
2017-02-25,116,0.007,0.039,0.0235,0.55,28.5,47.5
2017-02-25,117,0.008,0.0275,0.019,0.6,30.5,52.5
2017-02-26,101,0.004,0.029,0.023,0.6,29.5,41
2017-02-26,104,0.004,0.0265,0.023,0.55,24.5,35
2017-02-26,106,0.004,0.0415,0.016,0.8,45.5,60
2017-02-26,112,0.004,0.021,0.036,0.55,24,37
2017-02-26,116,0.006,0.0295,0.022,0.6,36.5,58
2017-02-26,117,0.0065,0.023,0.019,0.6,34.5,50
2017-02-27,101,0.004,0.0485,0.01,0.7,21,31.5
2017-02-27,104,0.004,0.029,0.019,0.5,20,32
2017-02-27,106,0.004,0.053,0.0075,0.75,24.5,38
2017-02-27,112,0.004,0.0265,0.022,0.6,16,26
2017-02-27,116,0.006,0.043,0.008,0.5,23.5,44.5
2017-02-27,117,0.0065,0.0365,0.006,0.6,25,41
2017-02-28,101,0.0065,0.0615,0.006,0.75,27.5,41.5
2017-02-28,104,0.005,0.0445,0.011,0.55,23,34
2017-02-28,106,0.006,0.058,0.007,0.7,29,45
2017-02-28,112,0.005,0.037,0.019,0.6,25,35.5
2017-02-28,116,0.008,0.058,0.008,0.5,22,45
2017-02-28,117,0.008,0.043,0.007,0.5,23.5,43.5
2017-03-01,101,0.006,0.052,0.0195,0.65,47.5,55
2017-03-01,104,0.005,0.034,0.0285,0.6,32,47.5
2017-03-01,106,0.005,0.045,0.019,0.7,44,55
2017-03-01,112,0.004,0.031,0.023,0.65,38.5,51
2017-03-01,116,0.007,0.043,0.022,0.55,34,52
2017-03-01,117,0.007,0.0355,0.0115,0.5,31,47
2017-03-02,101,0.003,0.022,0.031,0.4,19.5,31.5
2017-03-02,104,0.004,0.016,0.0365,0.4,20,32
2017-03-02,106,0.003,0.0235,0.029,0.5,20,31
2017-03-02,112,0.003,0.012,0.044,0.4,22,31.5
2017-03-02,116,0.005,0.017,0.033,0.4,15,33.5
2017-03-02,117,0.006,0.0145,0.027,0.4,18.5,29.5
2017-03-03,101,0.0045,0.042,0.018,0.6,23.5,42
2017-03-03,104,0.004,0.0295,0.021,0.5,21,36.5
2017-03-03,106,0.004,0.039,0.0205,0.6,24,41
2017-03-03,112,0.004,0.027,0.0215,0.6,21,38
2017-03-03,116,0.007,0.0315,0.0235,0.5,18,46
2017-03-03,117,0.007,0.0275,0.015,0.5,22.5,48
2017-03-04,101,0.004,0.0495,0.02,0.7,36,49
2017-03-04,104,0.004,0.0405,0.021,0.65,24,42.5
2017-03-04,106,0.005,0.0595,0.01,0.7,36.5,53
2017-03-04,112,0.0045,0.0425,0.0235,0.6,27.5,40.5
2017-03-04,116,0.007,0.0555,0.01,0.6,26.5,55.5
2017-03-04,117,0.007,0.04,0.006,0.6,26.5,47
2017-03-05,101,0.004,0.036,0.031,0.65,48.5,59
2017-03-05,104,0.004,0.0215,0.0415,0.6,33,53
2017-03-05,106,0.004,0.0355,0.029,0.65,46,63
2017-03-05,112,0.003,0.023,0.031,0.55,46.5,62.5
2017-03-05,116,0.006,0.032,0.0285,0.45,42.5,72
2017-03-05,117,0.007,0.026,0.023,0.5,38.5,63.5
2017-03-06,101,0.004,0.0165,0.0345,0.5,19.5,28.5
2017-03-06,104,0.004,0.012,0.0395,0.5,18.5,30
2017-03-06,106,0.004,0.016,0.024,0.5,21,34
2017-03-06,112,0.004,0.009,0.0435,0.4,16,24
2017-03-06,116,0.006,0.0135,0.036,0.4,17.5,36.5
2017-03-06,117,0.006,0.011,0.0305,0.4,21.5,34
2017-03-07,101,0.004,0.017,0.036,0.4,19.5,29
2017-03-07,104,0.003,0.0115,0.04,0.5,20,36
2017-03-07,106,0.003,0.012,0.0205,0.45,9.5,15
2017-03-07,112,0.003,0.0075,0.044,0.4,16,26
2017-03-07,116,0.006,0.013,0.0385,0.4,16.5,35
2017-03-07,117,0.006,0.0125,0.03,0.4,20,35
2017-03-08,101,0.004,0.0235,0.031,0.5,16,38.5
2017-03-08,104,0.003,0.017,0.0365,0.5,17,42.5
2017-03-08,106,0,0,0,0,0,0
2017-03-08,112,0.004,0.014,0.04,0.4,14,34
2017-03-08,116,0.006,0.017,0.0365,0.4,16,50
2017-03-08,117,0.006,0.0145,0.0305,0.4,20,47
2017-03-09,101,0.004,0.0275,0.0325,0.55,18.5,41
2017-03-09,104,0.004,0.018,0.0365,0.5,20,47
2017-03-09,106,0.0015,0.025,0.0275,0.4,25,42
2017-03-09,112,0.004,0.017,0.0415,0.4,15.5,36
2017-03-09,116,0.006,0.0245,0.032,0.4,17,52.5
2017-03-09,117,0.0065,0.02,0.0245,0.4,22.5,50.5
2017-03-10,101,0.004,0.033,0.0245,0.6,24,39
2017-03-10,104,0.004,0.0255,0.02,0.6,24.5,39
2017-03-10,106,0.0015,0.0375,0.0185,0.4,30.5,42
2017-03-10,112,0.004,0.0235,0.0345,0.45,17.5,31
2017-03-10,116,0.006,0.0325,0.026,0.45,22,47.5
2017-03-10,117,0.007,0.034,0.012,0.5,25.5,49
2017-03-11,101,0.006,0.0575,0.016,0.8,31.5,48.5
2017-03-11,104,0.005,0.0425,0.027,0.7,34,51.5
2017-03-11,106,0.003,0.0585,0.011,0.6,46.5,57
2017-03-11,112,0.006,0.038,0.029,0.6,28.5,46.5
2017-03-11,116,0.0085,0.065,0.004,0.7,34,65.5
2017-03-11,117,0.009,0.045,0.004,0.7,35.5,67
2017-03-12,101,0.006,0.0585,0.023,0.85,65,81
2017-03-12,104,0.006,0.0385,0.0275,0.8,59,79
2017-03-12,106,0.003,0.0545,0.0095,0.65,80.5,93
2017-03-12,112,0.005,0.0465,0.025,0.8,57.5,78
2017-03-12,116,0.008,0.0475,0.026,0.6,57,92
2017-03-12,117,0.008,0.034,0.0135,0.6,52.5,82
2017-03-13,101,0.004,0.024,0.0375,0.6,36.5,51.5
2017-03-13,104,0.004,0.018,0.039,0.7,40.5,61
2017-03-13,106,0.002,0.0255,0.0295,0.5,44.5,57.5
2017-03-13,112,0.004,0.014,0.0475,0.5,30,48
2017-03-13,116,0.006,0.0215,0.036,0.45,35.5,71
2017-03-13,117,0.006,0.0185,0.0285,0.5,39,66
2017-03-14,101,0.004,0.021,0.037,0.5,27,41.5
2017-03-14,104,0.002,0.0065,0.008,0.3,27,21.5
2017-03-14,106,0.004,0.0245,0.026,0.4,36.5,49
2017-03-14,112,0.003,0.01,0.0475,0.4,21.5,34
2017-03-14,116,0.005,0.019,0.035,0.4,21.5,55.5
2017-03-14,117,0.006,0.0165,0.027,0.4,28,55.5
2017-03-15,101,0.004,0.0355,0.0265,0.55,19.5,35
2017-03-15,104,0,0,0,0,0,0
2017-03-15,106,0.004,0.031,0.025,0.4,27,39.5
2017-03-15,112,0.004,0.023,0.0325,0.4,16,28
2017-03-15,116,0.006,0.0355,0.0195,0.4,19,45
2017-03-15,117,0.006,0.0265,0.0205,0.4,21.5,44
2017-03-16,101,0.005,0.053,0.029,0.7,41,54.5
2017-03-16,104,0.004,0.037,0.0225,0.5,33.5,60
2017-03-16,106,0.005,0.059,0.0185,0.6,55,63
2017-03-16,112,0.004,0.0315,0.028,0.55,34.5,51
2017-03-16,116,0.006,0.043,0.0295,0.5,40,68.5
2017-03-16,117,0.008,0.043,0.007,0.6,41,67
2017-03-17,101,0.005,0.054,0.0215,0.8,50,62
2017-03-17,104,0.004,0.0365,0.0165,0.5,41.5,72
2017-03-17,106,0.005,0.0605,0.019,0.7,63.5,70.5
2017-03-17,112,0.005,0.0435,0.0205,0.6,41,56
2017-03-17,116,0.006,0.0425,0.026,0.5,46.5,76
2017-03-17,117,0.008,0.0415,0.013,0.65,47,73
2017-03-18,101,0.006,0.0735,0.012,0.85,50.5,64
2017-03-18,104,0.005,0.055,0.016,0.7,34,65.5
2017-03-18,106,0.007,0.074,0.015,0.7,66,77
2017-03-18,112,0.005,0.045,0.0285,0.65,33,45.5
2017-03-18,116,0.008,0.0545,0.0175,0.6,44.5,73.5
2017-03-18,117,0.0095,0.0325,0.0205,0.6,49.5,83
2017-03-19,101,0.005,0.0505,0.0245,0.75,54.5,66
2017-03-19,104,0.004,0.035,0.0235,0.6,41.5,70.5
2017-03-19,106,0.005,0.0635,0.0165,0.8,68.5,76.5
2017-03-19,112,0.004,0.0285,0.0345,0.6,45,61.5
2017-03-19,116,0.006,0.049,0.01,0.65,52,81
2017-03-19,117,0.008,0.037,0.012,0.75,47.5,80
2017-03-20,101,0.005,0.0715,0.0045,1,55,71
2017-03-20,104,0.004,0.0515,0.013,0.7,40.5,80
2017-03-20,106,0.005,0.0725,0.006,0.85,70.5,82.5
2017-03-20,112,0.005,0.051,0.023,0.7,43.5,64
2017-03-20,116,0.007,0.065,0.0045,0.8,64,109
2017-03-20,117,0.0075,0.048,0.0045,0.9,56.5,96.5
2017-03-21,101,0.006,0.025,0.0345,0.6,47.5,70
2017-03-21,104,0.004,0.018,0.034,0.55,39.5,94.5
2017-03-21,106,0.005,0.0285,0.033,0.5,58.5,74.5
2017-03-21,112,0.005,0.019,0.039,0.6,56.5,86
2017-03-21,116,0.006,0.0195,0.036,0.4,41,81.5
2017-03-21,117,0.007,0.0165,0.0295,0.5,46,90
2017-03-22,101,0.004,0.0325,0.0365,0.5,26,42.5
2017-03-22,104,0.003,0.022,0.031,0.45,27,50
2017-03-22,106,0.004,0.032,0.033,0.4,37.5,47
2017-03-22,112,0.003,0.0185,0.0385,0.45,22,37.5
2017-03-22,116,0.007,0.0275,0.0315,0.4,29,53
2017-03-22,117,0.007,0.031,0.0175,0.5,32.5,54.5
2017-03-23,101,0.005,0.042,0.0255,0.7,42,63.5
2017-03-23,104,0.004,0.028,0.0275,0.6,34,74
2017-03-23,106,0.005,0.047,0.0195,0.6,48,65.5
2017-03-23,112,0.0045,0.0235,0.037,0.55,34.5,60
2017-03-23,116,0.01,0.0465,0.028,0.6,39.5,72
2017-03-23,117,0.008,0.0425,0.011,0.7,36.5,73
2017-03-24,101,0.004,0.04,0.0245,0.6,28.5,47
2017-03-24,104,0.0035,0.0275,0.024,0.5,29,57.5
2017-03-24,106,0.004,0.046,0.0215,0.5,42,55
2017-03-24,112,0.004,0.036,0.026,0.5,26.5,45
2017-03-24,116,0.01,0.061,0.02,0.6,24.5,70.5
2017-03-24,117,0.007,0.0335,0.011,0.6,33.5,63
2017-03-25,101,0.005,0.044,0.022,0.6,40,53.5
2017-03-25,104,0.005,0.0385,0.019,0.6,40.5,68.5
2017-03-25,106,0.0055,0.051,0.018,0.6,53.5,68.5
2017-03-25,112,0.004,0.0325,0.0265,0.55,35.5,50.5
2017-03-25,116,0.012,0.059,0.02,0.6,40.5,69
2017-03-25,117,0.0085,0.031,0.0185,0.6,39.5,61
2017-03-26,101,0.005,0.032,0.032,0.6,41.5,52.5
2017-03-26,104,0.005,0.029,0.0325,0.5,41,64.5
2017-03-26,106,0.0055,0.032,0.0305,0.5,50.5,54.5
2017-03-26,112,0.004,0.031,0.038,0.5,40,54.5
2017-03-26,116,0.011,0.0325,0.038,0.6,39.5,59
2017-03-26,117,0.0085,0.018,0.029,0.5,37.5,58.5
2017-03-27,101,0.004,0.03,0.037,1,59.5,71.5
2017-03-27,104,0.004,0.026,0.0395,0.9,59.5,77
2017-03-27,106,0.004,0.032,0.0365,0.85,71.5,75.5
2017-03-27,112,0.003,0.02,0.0435,0.75,48,62.5
2017-03-27,116,0.0105,0.0355,0.0395,1,56.5,84
2017-03-27,117,0.007,0.021,0.0305,0.85,55.5,79
2017-03-28,101,0.005,0.0505,0.0155,0.9,65.5,81
2017-03-28,104,0.005,0.042,0.0175,0.85,53,80.5
2017-03-28,106,0.006,0.047,0.0165,0.7,83,91.5
2017-03-28,112,0.004,0.0425,0.017,0.8,41,66
2017-03-28,116,0.011,0.0565,0.0175,0.8,56.5,86
2017-03-28,117,0.008,0.03,0.0125,0.75,51,84
2017-03-29,101,0.004,0.0315,0.034,0.6,40.5,56.5
2017-03-29,104,0.004,0.0195,0.035,0.5,31.5,45.5
2017-03-29,106,0.004,0.028,0.04,0.5,50,57.5
2017-03-29,112,0.003,0.027,0.0365,0.6,35,46.5
2017-03-29,116,0.007,0.039,0.036,0.5,30,55.5
2017-03-29,117,0.007,0.025,0.023,0.5,34,54.5
2017-03-30,101,0.0045,0.0535,0.017,0.7,44,61.5
2017-03-30,104,0.004,0.0265,0.0315,0.6,38.5,63
2017-03-30,106,0.004,0.049,0.0185,0.6,57,66
2017-03-30,112,0.004,0.024,0.035,0.5,36,55.5
2017-03-30,116,0.006,0.0555,0.024,0.6,38.5,68
2017-03-30,117,0.007,0.0345,0.016,0.6,36,70.5
2017-03-31,101,0.004,0.038,0.022,0.6,36,54
2017-03-31,104,0.003,0.0305,0.024,0.6,29.5,55.5
2017-03-31,106,0.004,0.038,0.0225,0.5,50,62
2017-03-31,112,0.003,0.032,0.0245,0.5,30.5,51
2017-03-31,116,0.007,0.0535,0.0165,0.7,36,64
2017-03-31,117,0.006,0.0275,0.015,0.6,32.5,64
2017-04-01,101,0.003,0.027,0.0345,0.5,13,19
2017-04-01,104,0.003,0.019,0.037,0.5,15.5,22
2017-04-01,106,0.003,0.025,0.0325,0.4,21.5,22
2017-04-01,112,0.002,0.0195,0.0325,0.4,10.5,14
2017-04-01,116,0.006,0.041,0.0235,0.5,16.5,26.5
2017-04-01,117,0.006,0.02,0.0235,0.5,15,23.5
2017-04-02,101,0.004,0.034,0.0315,0.6,27,37
2017-04-02,104,0.003,0.024,0.0265,0.6,32,45
2017-04-02,106,0.004,0.033,0.0305,0.5,42.5,46
2017-04-02,112,0.003,0.0205,0.028,0.5,25,36
2017-04-02,116,0.007,0.039,0.0295,0.6,28,42
2017-04-02,117,0.007,0.0255,0.027,0.6,27,43.5
2017-04-03,101,0.006,0.051,0.028,0.7,56.5,76
2017-04-03,104,0.006,0.0425,0.0265,0.7,55,77
2017-04-03,106,0.006,0.0405,0.0375,0.6,69.5,79.5
2017-04-03,112,0.005,0.0455,0.018,0.65,42,69
2017-04-03,116,0.0095,0.0535,0.035,0.7,51,78.5
2017-04-03,117,0.009,0.026,0.0325,0.6,47.5,80.5
2017-04-04,101,0.005,0.0665,0.0255,0.85,54,69.5
2017-04-04,104,0.005,0.037,0.0405,0.7,39,69.5
2017-04-04,106,0.005,0.051,0.046,0.65,69,79.5
2017-04-04,112,0.005,0.0505,0.04,0.65,45,65
2017-04-04,116,0.0095,0.0645,0.0385,0.7,45.5,80.5
2017-04-04,117,0.008,0.047,0.017,0.7,43,73
2017-04-05,101,0.005,0.06,0.0205,0.7,35,58
2017-04-05,104,0.004,0.0395,0.03,0.6,19,40.5
2017-04-05,106,0.005,0.0465,0.025,0.5,42.5,48
2017-04-05,112,0.004,0.0315,0.0305,0.5,27.5,40
2017-04-05,116,0.0075,0.0585,0.0155,0.55,22.5,47.5
2017-04-05,117,0.007,0.0305,0.014,0.5,22.5,37.5
2017-04-06,101,0.003,0.035,0.025,0.5,16,23.5
2017-04-06,104,0.003,0.0305,0.0305,0.6,18,28
2017-04-06,106,0.003,0.029,0.028,0.4,25.5,26.5
2017-04-06,112,0.003,0.021,0.0345,0.4,11,13.5
2017-04-06,116,0.006,0.0285,0.025,0.3,19,27.5
2017-04-06,117,0.006,0.0205,0.0185,0.4,17,27
2017-04-07,101,0.003,0.0325,0.017,0.5,24,33.5
2017-04-07,104,0.003,0.0305,0.0255,0.6,21.5,36.5
2017-04-07,106,0.003,0.038,0.0245,0.5,41,44
2017-04-07,112,0.003,0.025,0.0225,0.4,23.5,29
2017-04-07,116,0.006,0.037,0.024,0.4,23.5,34
2017-04-07,117,0.006,0.027,0.013,0.5,21.5,36
2017-04-08,101,0.004,0.046,0.017,0.7,42,58
2017-04-08,104,0.003,0.0345,0.0225,0.7,36.5,57.5
2017-04-08,106,0.0035,0.0405,0.0175,0.6,54,66
2017-04-08,112,0.003,0.034,0.0275,0.6,38,52
2017-04-08,116,0.007,0.0355,0.022,0.5,36,57.5
2017-04-08,117,0.007,0.0275,0.013,0.6,35.5,56
2017-04-09,101,0.003,0.024,0.0345,0.4,15,23
2017-04-09,104,0.003,0.0195,0.039,0.5,20.5,26.5
2017-04-09,106,0.003,0.0145,0.042,0.3,21,26.5
2017-04-09,112,0.002,0.016,0.036,0.4,14.5,20.5
2017-04-09,116,0.006,0.0255,0.0325,0.4,16,28.5
2017-04-09,117,0.006,0.0175,0.0215,0.55,18.5,28.5
2017-04-10,101,0.003,0.0215,0.038,0.4,12.5,24
2017-04-10,104,0.003,0.0195,0.044,0.4,14,29
2017-04-10,106,0.003,0.0185,0.042,0.3,24.5,31
2017-04-10,112,0.003,0.0215,0.041,0.35,9.5,14
2017-04-10,116,0.006,0.022,0.042,0.3,18,34
2017-04-10,117,0.006,0.015,0.024,0.4,17,30
2017-04-11,101,0.004,0.0255,0.042,0.5,23,42.5
2017-04-11,104,0.003,0.0205,0.043,0.5,24,57.5
2017-04-11,106,0.004,0.0255,0.0365,0.4,33,54
2017-04-11,112,0.003,0.014,0.0545,0.4,18,43.5
2017-04-11,116,0.0065,0.0215,0.05,0.3,27,62.5
2017-04-11,117,0.007,0.022,0.0355,0.5,27,64.5
2017-04-12,101,0.003,0.017,0.04,0.4,9,55.5
2017-04-12,104,0.002,0.0155,0.042,0.4,10.5,82
2017-04-12,106,0.003,0.017,0.041,0.3,13.5,57
2017-04-12,112,0.003,0.008,0.052,0.3,9.5,58.5
2017-04-12,116,0.0055,0.015,0.0475,0.2,12,72.5
2017-04-12,117,0.006,0.011,0.0385,0.3,11.5,71
2017-04-13,101,0.005,0.0365,0.0365,0.55,18,56
2017-04-13,104,0.004,0.0325,0.0365,0.6,20,72
2017-04-13,106,0.005,0.028,0.0355,0.4,25.5,63.5
2017-04-13,112,0.005,0.029,0.0385,0.5,17.5,51.5
2017-04-13,116,0.008,0.0285,0.0465,0.3,18,72
2017-04-13,117,0.008,0.02,0.037,0.5,19.5,61.5
2017-04-14,101,0.005,0.033,0.043,0.55,23.5,52
2017-04-14,104,0.005,0.029,0.0505,0.6,16,64.5
2017-04-14,106,0.005,0.0225,0.0495,0.4,27,54.5
2017-04-14,112,0.005,0.0255,0.0495,0.5,23,49
2017-04-14,116,0.01,0.026,0.0525,0.3,17.5,60.5
2017-04-14,117,0.0075,0.017,0.043,0.45,19,56
2017-04-15,101,0.005,0.0385,0.044,0.6,32,63
2017-04-15,104,0.0055,0.033,0.0465,0.7,30.5,71
2017-04-15,106,0.0055,0.027,0.0475,0.5,36.5,62.5
2017-04-15,112,0.005,0.023,0.0485,0.5,28.5,56.5
2017-04-15,116,0.01,0.0275,0.0545,0.4,27,67
2017-04-15,117,0.008,0.0225,0.042,0.6,30,64
2017-04-16,101,0.006,0.041,0.025,0.7,34.5,56
2017-04-16,104,0.005,0.031,0.0345,0.7,27.5,57.5
2017-04-16,106,0.006,0.0355,0.0315,0.6,39.5,60.5
2017-04-16,112,0.0045,0.0255,0.0465,0.6,28.5,49
2017-04-16,116,0.011,0.039,0.0265,0.5,26.5,63.5
2017-04-16,117,0.008,0.025,0.0285,0.6,29.5,58.5
2017-04-17,101,0.0035,0.0405,0.0305,0.6,20,32.5
2017-04-17,104,0.003,0.0305,0.029,0.6,20,46.5
2017-04-17,106,0.0035,0.0505,0.015,0.55,29,42.5
2017-04-17,112,0.003,0.0225,0.0355,0.45,16,25
2017-04-17,116,0.007,0.037,0.0165,0.4,26,54.5
2017-04-17,117,0.007,0.031,0.0215,0.55,27,48.5
2017-04-18,101,0.003,0.037,0.0245,0.6,21,39.5
2017-04-18,104,0.003,0.0295,0.0325,0.6,19,41
2017-04-18,106,0.003,0.032,0.032,0.4,27,40.5
2017-04-18,112,0.0025,0.021,0.0255,0.4,15,28
2017-04-18,116,0.007,0.027,0.039,0.3,21,38.5
2017-04-18,117,0.0065,0.0225,0.032,0.5,18.5,38.5
2017-04-19,101,0.003,0.0215,0.032,0.4,12.5,63
2017-04-19,104,0.002,0.0175,0.0325,0.5,16,92
2017-04-19,106,0.003,0.0195,0.031,0.3,19.5,68
2017-04-19,112,0.003,0.013,0.04,0.3,11.5,58.5
2017-04-19,116,0.006,0.017,0.0355,0.3,17,86.5
2017-04-19,117,0.006,0.0145,0.032,0.4,0,80.5
2017-04-20,101,0.004,0.0385,0.029,0.5,20,74.5
2017-04-20,104,0.003,0.0325,0.034,0.5,20.5,100
2017-04-20,106,0.004,0.0385,0.0315,0.4,24,79
2017-04-20,112,0.003,0.026,0.038,0.4,18,67
2017-04-20,116,0.007,0.037,0.032,0.3,9,96.5
2017-04-20,117,0.007,0.028,0.0295,0.5,26,95.5
2017-04-21,101,0.004,0.041,0.031,0.6,20,58.5
2017-04-21,104,0.003,0.0315,0.032,0.6,25,71
2017-04-21,106,0.004,0.0385,0.034,0.5,25,61.5
2017-04-21,112,0.004,0.022,0.04,0.45,17,50
2017-04-21,116,0.008,0.0415,0.037,0.4,0,73
2017-04-21,117,0.007,0.0295,0.0315,0.5,20,69.5
2017-04-22,101,0.004,0.0375,0.033,0.6,27,56.5
2017-04-22,104,0.003,0.0245,0.05,0.6,22,65
2017-04-22,106,0.004,0.039,0.0335,0.6,30,64.5
2017-04-22,112,0.003,0.021,0.0495,0.5,21.5,46.5
2017-04-22,116,0.0065,0.032,0.0505,0.4,23.5,70
2017-04-22,117,0.007,0.0255,0.0385,0.6,24.5,63.5
2017-04-23,101,0.004,0.036,0.0405,0.55,21,46.5
2017-04-23,104,0.004,0.0285,0.04,0.6,22,58.5
2017-04-23,106,0.005,0.0245,0.046,0.45,25.5,46.5
2017-04-23,112,0.004,0.025,0.0425,0.45,18,38
2017-04-23,116,0.007,0.0255,0.0515,0.35,18.5,48.5
2017-04-23,117,0.007,0.015,0.046,0.45,17.5,47
2017-04-24,101,0.004,0.044,0.0365,0.5,17,41.5
2017-04-24,104,0.004,0.025,0.0455,0.5,19,50.5
2017-04-24,106,0.004,0.0265,0.0465,0.4,21,43
2017-04-24,112,0.004,0.023,0.047,0.4,15,35
2017-04-24,116,0.007,0.0325,0.05,0.3,18.5,48.5
2017-04-24,117,0.0065,0.019,0.039,0.5,18,46.5
2017-04-25,101,0.005,0.032,0.0495,0.5,23.5,50.5
2017-04-25,104,0.004,0.0295,0.0515,0.6,29,66
2017-04-25,106,0.005,0.023,0.048,0.45,28,53
2017-04-25,112,0.005,0.023,0.057,0.4,24,49
2017-04-25,116,0.007,0.032,0.0435,0.4,26,59.5
2017-04-25,117,0.007,0.0225,0.033,0.5,26,54
2017-04-26,101,0.003,0.0175,0.043,0.4,9.5,34.5
2017-04-26,104,0.003,0.017,0.0425,0.5,11,48.5
2017-04-26,106,0.003,0.017,0.0365,0.4,18,41
2017-04-26,112,0.003,0.0085,0.0525,0.3,9,30.5
2017-04-26,116,0.006,0.017,0.047,0.3,14,52.5
2017-04-26,117,0.005,0.014,0.035,0.4,13,47
2017-04-27,101,0.0035,0.022,0.0435,0.45,10,37.5
2017-04-27,104,0.003,0.0185,0.042,0.5,16,61.5
2017-04-27,106,0.004,0.018,0.0405,0.4,18,39
2017-04-27,112,0.003,0.01,0.05,0.4,9,33
2017-04-27,116,0.006,0.021,0.046,0.3,13,50.5
2017-04-27,117,0.006,0.013,0.037,0.4,13,47
2017-04-28,101,0.006,0.034,0.034,0.7,24,53
2017-04-28,104,0.005,0.03,0.0325,0.75,22,65.5
2017-04-28,106,0.007,0.022,0.04,0.6,25,55
2017-04-28,112,0.0065,0.027,0.036,0.6,23,57
2017-04-28,116,0.0085,0.0255,0.038,0.5,21.5,62
2017-04-28,117,0.009,0.0175,0.034,0.6,22,65
2017-04-29,101,0.006,0.0355,0.0395,0.7,29,64
2017-04-29,104,0.005,0.028,0.0485,0.75,24.5,67.5
2017-04-29,106,0.006,0.022,0.044,0.6,31.5,64.5
2017-04-29,112,0.005,0.031,0.045,0.6,26.5,52
2017-04-29,116,0.009,0.028,0.0545,0.5,24.5,71.5
2017-04-29,117,0.009,0.0175,0.0415,0.6,25.5,65.5
2017-04-30,101,0.0075,0.028,0.078,0.7,52,85
2017-04-30,104,0.0065,0.025,0.076,0.8,50.5,104
2017-04-30,106,0.007,0.0135,0.0745,0.6,50,84
2017-04-30,112,0.007,0.0225,0.078,0.6,49,80
2017-04-30,116,0.009,0.0185,0.0865,0.5,44.5,97.5
2017-04-30,117,0.01,0.0125,0.07,0.7,45,90.5
2017-05-01,101,0.005,0.029,0.058,0.7,56,91.5
2017-05-01,104,0.004,0.0245,0.0595,0.8,49,95
2017-05-01,106,0.005,0.021,0.059,0.7,56.5,100
2017-05-01,112,0.004,0.022,0.072,0.6,45.5,78.5
2017-05-01,116,0.008,0.0255,0.0605,0.5,49.5,98.5
2017-05-01,117,0.008,0.02,0.051,0.7,46,94.5
2017-05-02,101,0.005,0.051,0.042,0.7,44,90.5
2017-05-02,104,0.004,0.041,0.0535,0.8,45,109.5
2017-05-02,106,0.005,0.042,0.0425,0.7,48,100.5
2017-05-02,112,0.004,0.03,0.066,0.6,40.5,86
2017-05-02,116,0.009,0.042,0.046,0.6,44.5,123.5
2017-05-02,117,0.01,0.03,0.0385,0.7,46,114
2017-05-03,101,0.004,0.0355,0.0585,0.6,33,61.5
2017-05-03,104,0.004,0.0305,0.063,0.6,30.5,76.5
2017-05-03,106,0.004,0.03,0.055,0.6,34.5,64
2017-05-03,112,0.004,0.025,0.0695,0.5,31.5,66.5
2017-05-03,116,0.007,0.034,0.069,0.4,28,74
2017-05-03,117,0.007,0.026,0.0475,0.6,29.5,68.5
2017-05-04,101,0.005,0.043,0.0345,0.55,31,58
2017-05-04,104,0.004,0.028,0.0445,0.6,30.5,69
2017-05-04,106,0.005,0.0335,0.03,0.5,35,62.5
2017-05-04,112,0.004,0.0215,0.051,0.45,31,50
2017-05-04,116,0.008,0.032,0.0325,0.3,32.5,71
2017-05-04,117,0.007,0.0255,0.029,0.5,28,61.5
2017-05-05,101,0.004,0.0195,0.042,0.4,20,38.5
2017-05-05,104,0.003,0.015,0.0475,0.5,25,60.5
2017-05-05,106,0.004,0.0105,0.0405,0.4,26.5,44
2017-05-05,112,0.003,0.0125,0.045,0.3,20.5,41
2017-05-05,116,0.007,0.0135,0.047,0.3,22,52
2017-05-05,117,0.007,0.01,0.0375,0.4,22.5,51.5
2017-05-06,101,0.004,0.023,0.044,0.3,15,172.5
2017-05-06,104,0.0025,0.018,0.0465,0.4,19.5,234.5
2017-05-06,106,0.0045,0.0125,0.0415,0.3,20,164
2017-05-06,112,0.003,0.0135,0.049,0.3,14,162.5
2017-05-06,116,0.0065,0.015,0.0475,0.2,22,247.5
2017-05-06,117,0.006,0.0105,0.038,0.3,18.5,218.5
2017-05-07,101,0.0045,0.022,0.041,0.4,13.5,79.5
2017-05-07,104,0.003,0.021,0.045,0.5,16.5,91
2017-05-07,106,0.005,0.0135,0.041,0.4,19,78
2017-05-07,112,0.004,0.014,0.056,0.3,13,74
2017-05-07,116,0.007,0.0175,0.049,0.3,16,99.5
2017-05-07,117,0.007,0.012,0.038,0.4,15,89.5
2017-05-08,101,0.007,0.042,0.041,0.6,35.5,168
2017-05-08,104,0.006,0.038,0.0485,0.7,38,213
2017-05-08,106,0.007,0.0275,0.0515,0.5,35.5,167.5
2017-05-08,112,0.007,0.033,0.042,0.5,35,149.5
2017-05-08,116,0.0095,0.0295,0.059,0.4,37,210.5
2017-05-08,117,0.01,0.018,0.0475,0.5,31.5,201
2017-05-09,101,0.006,0.042,0.0205,0.6,30.5,124
2017-05-09,104,0.004,0.032,0.018,0.6,34,158
2017-05-09,106,0.0055,0.0335,0.0235,0.5,35,123.5
2017-05-09,112,0.005,0.03,0.0225,0.5,31,121.5
2017-05-09,116,0.008,0.0435,0.024,0.4,31.5,153
2017-05-09,117,0.008,0.028,0.024,0.5,26,146
2017-05-10,101,0.003,0.0205,0.034,0.5,17,43
2017-05-10,104,0.002,0.019,0.0305,0.6,21.5,53.5
2017-05-10,106,0.003,0.0195,0.035,0.4,25,46
2017-05-10,112,0.003,0.015,0.0365,0.4,17.5,37
2017-05-10,116,0.006,0.021,0.033,0.3,22,56
2017-05-10,117,0.006,0.015,0.0345,0.4,16,46.5
2017-05-11,101,0.005,0.0405,0.0275,0.6,23,62.5
2017-05-11,104,0.004,0.033,0.03,0.7,27,80.5
2017-05-11,106,0.005,0.03,0.032,0.5,31,75
2017-05-11,112,0.0045,0.0325,0.036,0.5,23.5,65
2017-05-11,116,0.008,0.0315,0.0345,0.4,26.5,83.5
2017-05-11,117,0.008,0.0205,0.029,0.5,35,90
2017-05-12,101,0.006,0.044,0.042,0.7,40,64.5
2017-05-12,104,0.005,0.037,0.05,0.7,40,78
2017-05-12,106,0.007,0.029,0.0465,0.6,39,64
2017-05-12,112,0.006,0.0295,0.0465,0.6,39.5,68
2017-05-12,116,0.009,0.031,0.0515,0.4,39,75
2017-05-12,117,0.0095,0.0205,0.0435,0.6,41,70
2017-05-13,101,0.004,0.0305,0.0435,0.5,23,43
2017-05-13,104,0.003,0.0245,0.045,0.6,21.5,53
2017-05-13,106,0.004,0.0175,0.0465,0.5,25.5,46
2017-05-13,112,0.003,0.019,0.05,0.4,25,42
2017-05-13,116,0.007,0.0225,0.048,0.3,24,52
2017-05-13,117,0.007,0.014,0.041,0.5,22.5,49.5
2017-05-14,101,0.0035,0.018,0.046,0.3,9,48
2017-05-14,104,0.002,0.014,0.051,0.4,13.5,69.5
2017-05-14,106,0.004,0.008,0.0445,0.3,16,52.5
2017-05-14,112,0.003,0.011,0.0505,0.3,8,45
2017-05-14,116,0.006,0.011,0.0515,0.2,13,66
2017-05-14,117,0.006,0.009,0.0395,0.35,19,66
2017-05-15,101,0.004,0.026,0.0345,0.4,8,33
2017-05-15,104,0.002,0.014,0.0285,0.4,5.5,41
2017-05-15,106,0.004,0.018,0.0355,0.4,15,38
2017-05-15,112,0.003,0.014,0.0435,0.3,6.5,30
2017-05-15,116,0.0065,0.018,0.0435,0.2,11,42.5
2017-05-15,117,0.006,0.015,0.0315,0.4,11.5,39.5
2017-05-16,101,0.005,0.0335,0.0275,0.4,12,31.5
2017-05-16,104,-1,-1,-1,-1,-1,-1
2017-05-16,106,0.005,0.026,0.0315,0.4,18,36
2017-05-16,112,0.0035,0.023,0.0355,0.4,14,26.5
2017-05-16,116,0.008,0.025,0.037,0.3,16,39.5
2017-05-16,117,0.0075,0.0165,0.0305,0.4,14.5,36
2017-05-17,101,0.004,0.037,0.036,0.5,15,31
2017-05-17,104,0.005,0.019,0.039,0.25,11,27
2017-05-17,106,0.005,0.043,0.0265,0.5,23,38
2017-05-17,112,0.003,0.017,0.039,0.4,12.5,24
2017-05-17,116,0.008,0.035,0.0385,0.3,20,43
2017-05-17,117,0.008,0.0305,0.0235,0.5,21.5,43
2017-05-18,101,0.006,0.0425,0.043,0.6,28.5,48
2017-05-18,104,0.008,0.0295,0.047,0.45,25,53
2017-05-18,106,0.006,0.0385,0.0425,0.5,28.5,48.5
2017-05-18,112,0.005,0.022,0.062,0.4,24.5,39
2017-05-18,116,0.008,0.0385,0.0565,0.4,26,53.5
2017-05-18,117,0.007,0.022,0.0455,0.5,24,54
2017-05-19,101,0.0055,0.0325,0.049,0.5,21.5,44
2017-05-19,104,0.0075,0.0325,0.039,0.4,23.5,49.5
2017-05-19,106,0.006,0.028,0.0505,0.5,27,46.5
2017-05-19,112,0.004,0.02,0.059,0.35,19,34
2017-05-19,116,0.007,0.0245,0.0605,0.3,22,51.5
2017-05-19,117,0.006,0.017,0.044,0.5,23,47
2017-05-20,101,0.006,0.0295,0.044,0.4,19,34.5
2017-05-20,104,0.007,0.0265,0.042,0.4,21,38
2017-05-20,106,0.0065,0.033,0.038,0.4,24,39
2017-05-20,112,0.003,0.015,0.051,0.35,15,24
2017-05-20,116,0.0075,0.0245,0.0505,0.3,19,43.5
2017-05-20,117,0.006,0.0215,0.036,0.4,19.5,37.5
2017-05-21,101,0.004,0.023,0.037,0.4,15,27
2017-05-21,104,0.005,0.023,0.036,0.4,20.5,31.5
2017-05-21,106,0.0045,0.0185,0.0345,0.4,24,35
2017-05-21,112,0.003,0.014,0.0405,0.3,14,21
2017-05-21,116,0.007,0.0215,0.039,0.2,19,32.5
2017-05-21,117,0.006,0.014,0.036,0.4,20,32
2017-05-22,101,0.004,0.032,0.035,0.45,25,37
2017-05-22,104,0.005,0.0295,0.0265,0.5,29,44.5
2017-05-22,106,0.0045,0.0255,0.032,0.4,23.5,33.5
2017-05-22,112,0.004,0.0225,0.03,0.3,26.5,32.5
2017-05-22,116,0.005,0.026,0.035,0.3,18.5,34
2017-05-22,117,0.0065,0.0215,0.021,0.4,23,37
2017-05-23,101,0.004,0.03,0.017,0.4,19.5,31
2017-05-23,104,0.005,0.026,0.0235,0.4,22.5,36
2017-05-23,106,0.005,0.029,0.0145,0.4,24,34
2017-05-23,112,0.003,0.017,0.0235,0.3,18,28.5
2017-05-23,116,0.0045,0.0345,0.015,0.3,21,38
2017-05-23,117,0.007,0.025,0.011,0.4,22,40.5
2017-05-24,101,0.003,0.0225,0.0275,0.4,12,21.5
2017-05-24,104,0.005,0.018,0.027,0.4,14.5,24.5
2017-05-24,106,0.003,0.0205,0.021,0.4,19.5,27
2017-05-24,112,0.002,0.014,0.034,0.3,11,19.5
2017-05-24,116,0.007,0.0225,0.031,0.3,14.5,28.5
2017-05-24,117,0.004,0.0175,0.0215,0.4,16,26
2017-05-25,101,0.003,0.023,0.042,0.5,10,29
2017-05-25,104,0.005,0.024,0.0365,0.4,15.5,38
2017-05-25,106,0.004,0.018,0.039,0.4,21,34.5
2017-05-25,112,0.003,0.015,0.055,0.3,11,25.5
2017-05-25,116,0.008,0.0195,0.053,0.3,14.5,41
2017-05-25,117,0.0055,0.0115,0.0375,0.4,17,35.5
2017-05-26,101,0.003,0.015,0.0385,0.3,4,19.5
2017-05-26,104,0.005,0.0175,0.034,0.3,6.5,21.5
2017-05-26,106,0.003,0.016,0.035,0.3,12,22
2017-05-26,112,0.003,0.009,0.047,0.3,3,12
2017-05-26,116,0.007,0.016,0.0455,0.2,6.5,25
2017-05-26,117,0.004,0.011,0.033,0.3,10,25.5
2017-05-27,101,0.005,0.029,0.041,0.4,12,29
2017-05-27,104,0.005,0.029,0.03,0.5,14,33
2017-05-27,106,0.005,0.0245,0.039,0.4,18.5,30
2017-05-27,112,0.003,0.0205,0.0475,0.4,11,22
2017-05-27,116,0.008,0.0285,0.056,0.3,12.5,33
2017-05-27,117,0.006,0.017,0.035,0.4,14,33
2017-05-28,101,0.005,0.0235,0.063,0.45,18.5,34
2017-05-28,104,0.006,0.0215,0.0535,0.4,20.5,39
2017-05-28,106,0.005,0.014,0.0635,0.4,23,40.5
2017-05-28,112,0.005,0.0205,0.06,0.4,14,31.5
2017-05-28,116,0.008,0.0185,0.0725,0.3,19,46.5
2017-05-28,117,0.007,0.0105,0.0555,0.4,21.5,51
2017-05-29,101,0.007,0.037,0.0615,0.6,35.5,61.5
2017-05-29,104,0.0065,0.0275,0.05,0.55,42,75.5
2017-05-29,106,0.007,0.022,0.0595,0.5,37.5,61.5
2017-05-29,112,0.006,0.0255,0.0685,0.5,38.5,62
2017-05-29,116,0.009,0.0285,0.072,0.4,34,74
2017-05-29,117,0.008,0.015,0.0545,0.5,29.5,68
2017-05-30,101,0.006,0.0395,0.0395,0.5,23,45.5
2017-05-30,104,0.007,0.032,0.032,0.4,26,50
2017-05-30,106,0.0065,0.0265,0.046,0.4,27.5,47.5
2017-05-30,112,0.005,0.0315,0.0485,0.45,25.5,45
2017-05-30,116,0.0095,0.0285,0.045,0.3,20,49
2017-05-30,117,0.008,0.0165,0.0455,0.4,20.5,51.5
2017-05-31,101,0.0045,0.038,0.02,0.4,15,29.5
2017-05-31,104,0.006,0.033,0.022,0.4,17.5,33
2017-05-31,106,0.0045,0.0325,0.018,0.4,24,32
2017-05-31,112,0.004,0.027,0.029,0.35,15,27.5
2017-05-31,116,0.007,0.0305,0.0265,0.25,19.5,39
2017-05-31,117,0.0055,0.017,0.023,0.4,18,38
2017-06-01,101,0.003,0.0175,0.044,0.3,15,32
2017-06-01,104,0.005,0.017,0.0395,0.4,15,37.5
2017-06-01,106,0.003,0.015,0.0365,0.3,23,33
2017-06-01,112,0.003,0.008,0.058,0.3,17,26.5
2017-06-01,116,0.0065,0.016,0.0515,0.2,18.5,39.5
2017-06-01,117,0.004,0.013,0.0395,0.3,13,37
2017-06-02,101,0.003,0.017,0.0415,0.3,5.5,22
2017-06-02,104,0.005,0.016,0.037,0.3,11.5,27.5
2017-06-02,106,0.003,0.0155,0.038,0.3,14,24.5
2017-06-02,112,0.003,0.008,0.0485,0.3,5,21
2017-06-02,116,0.0065,0.016,0.045,0.2,9,33.5
2017-06-02,117,0.004,0.011,0.037,0.3,12,31.5
2017-06-03,101,0.003,0.0135,0.035,0.4,8.5,26.5
2017-06-03,104,0.005,0.016,0.0315,0.3,12.5,30
2017-06-03,106,0.004,0.0125,0.0325,0.4,15,31
2017-06-03,112,0.003,0.008,0.051,0.3,6.5,20
2017-06-03,116,0.007,0.016,0.041,0.3,11,37
2017-06-03,117,0.005,0.01,0.035,0.4,13,33
2017-06-04,101,0.003,0.019,0.0425,0.3,6.5,21.5
2017-06-04,104,0.005,0.017,0.042,0.4,11,26.5
2017-06-04,106,0.003,0.014,0.042,0.3,15,26
2017-06-04,112,0.003,0.008,0.0525,0.3,6,16.5
2017-06-04,116,0.006,0.016,0.057,0.2,11,31
2017-06-04,117,0.005,0.0125,0.0375,0.4,12,31
2017-06-05,101,0.003,0.026,0.0475,0.4,8,20
2017-06-05,104,0.005,0.023,0.0355,0.4,13,22.5
2017-06-05,106,0.003,0.0215,0.041,0.4,17,25.5
2017-06-05,112,0.003,0.0195,0.0515,0.3,6.5,13
2017-06-05,116,0.0065,0.0275,0.0515,0.3,12,30
2017-06-05,117,0.0045,0.022,0.041,0.4,14.5,27.5
2017-06-06,101,0.003,0.0245,0.0415,0.4,7.5,17
2017-06-06,104,0.005,0.0235,0.0355,0.4,11,23.5
2017-06-06,106,0.003,0.0145,0.041,0.3,16,22
2017-06-06,112,0.003,0.0215,0.044,0.3,8,14.5
2017-06-06,116,0.007,0.0275,0.0465,0.3,11,26
2017-06-06,117,0.004,0.013,0.04,0.4,10.5,24
2017-06-07,101,0.002,0.021,0.028,0.4,5,14.5
2017-06-07,104,0.005,0.021,0.0255,0.45,9,14.5
2017-06-07,106,0.003,0.0205,0.029,0.4,15,21
2017-06-07,112,0.002,0.0085,0.0375,0.3,3,13.5
2017-06-07,116,0.006,0.0185,0.033,0.3,8,15
2017-06-07,117,0.004,0.016,0.032,0.4,7.5,19
2017-06-08,101,0.003,0.0305,0.053,0.65,27,40
2017-06-08,104,0.005,0.0245,0.047,0.6,29.5,48
2017-06-08,106,0.004,0.019,0.052,0.6,29.5,37.5
2017-06-08,112,0.003,0.0225,0.062,0.5,24,36
2017-06-08,116,0.007,0.0245,0.062,0.5,30,48.5
2017-06-08,117,0.005,0.0145,0.049,0.6,33,51
2017-06-09,101,0.005,0.0325,0.058,0.7,37,57.5
2017-06-09,104,0.005,0.0255,0.0505,0.6,38,61.5
2017-06-09,106,0.005,0.019,0.061,0.6,39.5,52.5
2017-06-09,112,0.005,0.0225,0.073,0.55,37,54.5
2017-06-09,116,0.007,0.019,0.068,0.5,37.5,59
2017-06-09,117,0.007,0.013,0.0545,0.6,35,61
2017-06-10,101,0.003,0.02,0.049,0.4,9,38
2017-06-10,104,0.005,0.017,0.0405,0.35,13,36
2017-06-10,106,0.003,0.015,0.0455,0.4,14,34
2017-06-10,112,0.002,0.009,0.054,0.3,5.5,32.5
2017-06-10,116,0.0065,0.0195,0.0545,0.3,11.5,52
2017-06-10,117,0.005,0.011,0.0435,0.4,9.5,50
2017-06-11,101,0.003,0.021,0.042,0.3,5,24
2017-06-11,104,0.005,0.018,0.035,0.2,9,27
2017-06-11,106,0.003,0.018,0.038,0.3,12,25
2017-06-11,112,0.002,0.013,0.0445,0.3,4.5,20
2017-06-11,116,0.007,0.029,0.041,0.3,11,37.5
2017-06-11,117,0.004,0.017,0.0365,0.4,5,36.5
2017-06-12,101,0.003,0.021,0.045,0.3,5.5,22.5
2017-06-12,104,0.002,0.014,0.0445,0.4,15.5,37
2017-06-12,106,0.003,0.015,0.041,0.3,12,23.5
2017-06-12,112,0.003,0.018,0.0455,0.3,5.5,17
2017-06-12,116,0.006,0.023,0.05,0.2,12,30.5
2017-06-12,117,0.005,0.0125,0.0415,0.3,10.5,27.5
2017-06-13,101,0.003,0.022,0.0295,0.4,15,32
2017-06-13,104,0.002,0.016,0.035,0.4,18,39.5
2017-06-13,106,0.0035,0.017,0.031,0.35,18,33
2017-06-13,112,0.002,0.013,0.037,0.3,13.5,28.5
2017-06-13,116,0.006,0.017,0.0395,0.2,17,40.5
2017-06-13,117,0.005,0.016,0.029,0.4,18.5,39.5
2017-06-14,101,0.003,0.0275,0.03,0.4,20.5,40.5
2017-06-14,104,0.002,0.0175,0.046,0.4,21.5,49
2017-06-14,106,0.004,0.0205,0.031,0.4,22.5,38
2017-06-14,112,0.003,0.013,0.0435,0.3,15,28
2017-06-14,116,0.007,0.025,0.0385,0.3,21.5,48
2017-06-14,117,0.005,0.015,0.0345,0.4,22,44
2017-06-15,101,0.005,0.0325,0.0445,0.45,26,44.5
2017-06-15,104,0.003,0.03,0.0335,0.5,29.5,62.5
2017-06-15,106,0.005,0.02,0.0485,0.4,26,44
2017-06-15,112,0.004,0.023,0.039,0.4,24,43
2017-06-15,116,0.007,0.024,0.042,0.3,24,55.5
2017-06-15,117,0.006,0.013,0.0465,0.4,24.5,53
2017-06-16,101,0.006,0.032,0.0475,0.6,34.5,56
2017-06-16,104,0.004,0.0275,0.045,0.6,35.5,65
2017-06-16,106,0.006,0.0215,0.048,0.5,33,55
2017-06-16,112,0.005,0.026,0.0615,0.5,32.5,50
2017-06-16,116,0.009,0.025,0.0445,0.4,34,67
2017-06-16,117,0.007,0.016,0.0485,0.5,31,57.5
2017-06-17,101,0.006,0.0295,0.054,0.55,29,44
2017-06-17,104,0.0045,0.0235,0.058,0.55,30.5,56.5
2017-06-17,106,0.007,0.021,0.055,0.5,29,44
2017-06-17,112,0.006,0.018,0.0625,0.5,30,44
2017-06-17,116,0.009,0.0185,0.0495,0.3,25,44.5
2017-06-17,117,0.008,0.014,0.0505,0.5,17,45
2017-06-18,101,0.004,0.028,0.0495,0.4,24,38
2017-06-18,104,0.002,0.019,0.055,0.4,29,46.5
2017-06-18,106,0.005,0.024,0.038,0.45,26,40.5
2017-06-18,112,0.003,0.014,0.068,0.4,22,33
2017-06-18,116,0.009,0.02,0.04,0.3,26.5,47
2017-06-18,117,0.007,0.0145,0.0465,0.45,17,46
2017-06-19,101,0.004,0.037,0.031,0.5,31.5,43.5
2017-06-19,104,0.002,0.0275,0.033,0.5,33,56.5
2017-06-19,106,0.005,0.032,0.0295,0.5,35,46.5
2017-06-19,112,0.004,0.0225,0.0535,0.4,27.5,37
2017-06-19,116,0.0085,0.028,0.027,0.4,34.5,58
2017-06-19,117,0.006,0.0225,0.0245,0.5,35,55
2017-06-20,101,0.003,0.0365,0.0535,0.5,26.5,39.5
2017-06-20,104,0.002,0.0285,0.0565,0.4,30,57
2017-06-20,106,0.004,0.0385,0.032,0.5,29.5,43.5
2017-06-20,112,0.003,0.022,0.064,0.35,26.5,37.5
2017-06-20,116,0.008,0.032,0.045,0.3,30,53
2017-06-20,117,0.007,0.0285,0.041,0.5,22.5,52.5
2017-06-21,101,0.004,0.03,0.0355,0.4,34,48
2017-06-21,104,0.002,0.0205,0.043,0.4,37.5,65
2017-06-21,106,0.005,0.0245,0.0295,0.4,35.5,50.5
2017-06-21,112,0.003,0.014,0.0505,0.3,32,44.5
2017-06-21,116,0.009,0.0235,0.033,0.3,37.5,66
2017-06-21,117,0.007,0.015,0.0305,0.4,38.5,61
2017-06-22,101,0.003,0.029,0.0275,0.4,23,32.5
2017-06-22,104,0.0015,0.02,0.041,0.3,25.5,40.5
2017-06-22,106,0.004,0.021,0.03,0.4,23.5,32
2017-06-22,112,0.003,0.015,0.0345,0.3,23,31
2017-06-22,116,0.007,0.0175,0.032,0.2,24,36.5
2017-06-22,117,0.005,0.014,0.034,0.3,9.5,35
2017-06-23,101,0.003,0.039,0.0275,0.5,19.5,33.5
2017-06-23,104,0.0015,0.0335,0.0325,0.4,20.5,49
2017-06-23,106,0.004,0.034,0.025,0.4,23,33.5
2017-06-23,112,0.003,0.0175,0.0445,0.3,18,27.5
2017-06-23,116,0.007,0.03,0.0305,0.3,23.5,47
2017-06-23,117,0.006,0.025,0.025,0.5,25,45.5
2017-06-24,101,0.004,0.048,0.022,0.5,21,32.5
2017-06-24,104,0.003,0.0425,0.022,0.5,24.5,49.5
2017-06-24,106,0.005,0.0495,0.0185,0.5,24.5,35.5
2017-06-24,112,0.003,0.0355,0.0305,0.5,19,26.5
2017-06-24,116,0.009,0.045,0.022,0.3,21,40
2017-06-24,117,0.0075,0.038,0.019,0.5,23,45.5
2017-06-25,101,0.003,0.0255,0.0385,0.45,22,30
2017-06-25,104,0.001,0.0205,0.04,0.4,21,38.5
2017-06-25,106,0.003,0.024,0.033,0.5,26,32.5
2017-06-25,112,0.002,0.012,0.0325,0.4,21,28
2017-06-25,116,0.007,0.029,0.0345,0.3,22,38
2017-06-25,117,0.005,0.0225,0.034,0.5,12,37
2017-06-26,101,0.002,0.023,0.0335,0.4,15,22
2017-06-26,104,0.001,0.0175,0.0395,0.3,17,30
2017-06-26,106,0.003,0.0185,0.0335,0.4,19.5,25
2017-06-26,112,0.002,0.015,0.025,0.3,14,20
2017-06-26,116,0.006,0.026,0.0285,0.3,16.5,26.5
2017-06-26,117,0.005,0.0215,0.027,0.5,16.5,27.5
2017-06-27,101,0.003,0.0255,0.045,0.4,14,21.5
2017-06-27,104,0.0025,0.0245,0.0415,0.4,19.5,31
2017-06-27,106,0.003,0.0215,0.0395,0.4,19.5,25.5
2017-06-27,112,0.0025,0.0195,0.038,0.4,15,20
2017-06-27,116,0.006,0.025,0.0355,0.3,19,35
2017-06-27,117,0.005,0.0185,0.037,0.5,18,30.5
2017-06-28,101,0.004,0.033,0.034,0.55,36,43.5
2017-06-28,104,0.0055,0.027,0.031,0.4,31.5,56
2017-06-28,106,0.0045,0.0225,0.0385,0.5,33.5,43
2017-06-28,112,0.003,0.016,0.0485,0.4,35,45.5
2017-06-28,116,0.007,0.018,0.042,0.3,29.5,48
2017-06-28,117,0.006,0.017,0.04,0.5,29.5,45.5
2017-06-29,101,0.004,0.0335,0.031,0.5,29.5,38
2017-06-29,104,0.0055,0.026,0.0405,0.4,37,56
2017-06-29,106,0.005,0.0245,0.036,0.5,31.5,39.5
2017-06-29,112,0.0035,0.021,0.0455,0.4,28.5,38.5
2017-06-29,116,0.007,0.021,0.04,0.3,35.5,48
2017-06-29,117,0.007,0.018,0.0425,0.5,27.5,43.5
2017-06-30,101,0.003,0.0275,0.0425,0.5,37,48
2017-06-30,104,0.004,0.019,0.0455,0.4,38,60
2017-06-30,106,0.004,0.023,0.0365,0.5,36.5,50
2017-06-30,112,0.003,0.016,0.0475,0.4,36,44.5
2017-06-30,116,0.006,0.0175,0.038,0.3,33,52
2017-06-30,117,0.0055,0.017,0.039,0.5,29,48
2017-07-01,101,0.003,0.025,0.0325,0.5,31.5,39
2017-07-01,104,0.004,0.023,0.0355,0.4,29,51.5
2017-07-01,106,0.004,0.0215,0.028,0.5,33,42
2017-07-01,112,0.003,0.014,0.045,0.4,34,39.5
2017-07-01,116,0.006,0.0205,0.027,0.3,31,50.5
2017-07-01,117,0.006,0.0175,0.033,0.5,28.5,40.5
2017-07-02,101,0.003,0.019,0.0205,0.3,18,26
2017-07-02,104,0.004,0.0155,0.022,0.2,16,29.5
2017-07-02,106,0.004,0.014,0.0215,0.3,22.5,27.5
2017-07-02,112,0.002,0.0155,0.023,0.3,17,21
2017-07-02,116,0.006,0.014,0.0185,0.1,16,25
2017-07-02,117,0.005,0.011,0.036,0.3,15.5,23
2017-07-03,101,0.003,0.025,0.027,0.4,12,23.5
2017-07-03,104,0.004,0.0175,0.031,0.25,20,29.5
2017-07-03,106,0.004,0.015,0.0285,0.3,17,26
2017-07-03,112,0.003,0.0165,0.034,0.3,12,16
2017-07-03,116,0.006,0.0145,0.0285,0.2,13.5,24
2017-07-03,117,0.005,0.012,0.0385,0.3,13.5,21.5
2017-07-04,101,0.003,0.025,0.028,0.4,24,33
2017-07-04,104,0.005,0.012,0.0375,0.2,25,40
2017-07-04,106,0.004,0.0195,0.029,0.4,28,34.5
2017-07-04,112,0.003,0.011,0.0355,0.35,22.5,29
2017-07-04,116,0.006,0.016,0.0255,0.2,21.5,32.5
2017-07-04,117,0.005,0.017,0.036,0.4,22,29
2017-07-05,101,0.003,0.03,0.026,0.5,26,34
2017-07-05,104,0.004,0.021,0.023,0.3,26.5,36.5
2017-07-05,106,0.004,0.0235,0.03,0.45,27,36.5
2017-07-05,112,0.003,0.018,0.0345,0.4,24.5,30
2017-07-05,116,0.007,0.0225,0.025,0.35,27,46.5
2017-07-05,117,0.006,0.015,0.0375,0.5,27.5,41.5
2017-07-06,101,0.004,0.035,0.0295,0.55,30,40
2017-07-06,104,0.004,0.0245,0.035,0.4,35,49
2017-07-06,106,0.005,0.0285,0.03,0.5,39,52
2017-07-06,112,0.003,0.0225,0.0435,0.5,28,39.5
2017-07-06,116,0.008,0.0255,0.0285,0.4,35.5,57.5
2017-07-06,117,0.008,0.021,0.043,0.6,36.5,51
2017-07-07,101,0.003,0.029,0.014,0.4,10.5,20
2017-07-07,104,0.003,0.026,0.0125,0.2,12.5,21
2017-07-07,106,0.0035,0.023,0.0145,0.4,15.5,22.5
2017-07-07,112,0.003,0.0265,0.0105,0.4,12.5,21
2017-07-07,116,0.006,0.022,0.014,0.3,11.5,21
2017-07-07,117,0.005,0.017,0.0285,0.3,11,20.5
2017-07-08,101,0.003,0.0255,0.0185,0.4,14,25.5
2017-07-08,104,0.004,0.0225,0.021,0.2,19,27.5
2017-07-08,106,0.004,0.017,0.021,0.3,20,27.5
2017-07-08,112,0.003,0.0205,0.019,0.4,18.5,29.5
2017-07-08,116,0.0065,0.016,0.024,0.3,14.5,26
2017-07-08,117,0.006,0.013,0.034,0.3,14.5,23
2017-07-09,101,0.003,0.024,0.021,0.4,17,25.5
2017-07-09,104,0.003,0.018,0.023,0.2,16,27.5
2017-07-09,106,0.004,0.018,0.0225,0.4,21,27.5
2017-07-09,112,0.003,0.015,0.0195,0.3,16,24
2017-07-09,116,0.007,0.0165,0.022,0.3,17,26.5
2017-07-09,117,0.006,0.0135,0.036,0.4,17.5,22.5
2017-07-10,101,0.003,0.027,0.012,0.4,6,12
2017-07-10,104,0.003,0.023,0.0175,0.1,7.5,10.5
2017-07-10,106,0.003,0.024,0.018,0.4,11,15
2017-07-10,112,0.002,0.0185,0.02,0.2,3,5
2017-07-10,116,0.007,0.021,0.0155,0.2,8,13
2017-07-10,117,0.005,0.016,0.0165,0.3,9,13.5
2017-07-11,101,0.003,0.029,0.0275,0.5,16,27
2017-07-11,104,0.003,0.025,0.0265,0.15,24,31.5
2017-07-11,106,0.004,0.0205,0.0295,0.4,20.5,27.5
2017-07-11,112,0.003,0.0225,0.0325,0.2,15.5,20.5
2017-07-11,116,0.0065,0.022,0.032,0.3,16,27
2017-07-11,117,0.005,0.017,0.031,0.4,17.5,27
2017-07-12,101,0.003,0.0305,0.0395,0.5,30.5,45.5
2017-07-12,104,0.003,0.022,0.044,0.4,28.5,37
2017-07-12,106,0.004,0.023,0.04,0.4,33,45
2017-07-12,112,0.003,0.0175,0.0435,0.3,36.5,45
2017-07-12,116,0.006,0.0205,0.0415,0.3,23.5,39
2017-07-12,117,0.005,0.0135,0.0375,0.4,22.5,41.5
2017-07-13,101,0.004,0.0335,0.029,0.5,33.5,44
2017-07-13,104,0.003,0.022,0.0265,0.4,37.5,44
2017-07-13,106,0.005,0.0325,0.0215,0.6,32,45
2017-07-13,112,0.003,0.0175,0.0355,0.3,32.5,42.5
2017-07-13,116,0.007,0.028,0.0255,0.4,34.5,55.5
2017-07-13,117,0.006,0.0205,0.0335,0.5,33,45.5
2017-07-14,101,0.005,0.035,0.032,0.5,34,46
2017-07-14,104,0.003,0.0245,0.0285,0.4,35.5,50
2017-07-14,106,0.0055,0.0245,0.038,0.45,35.5,47.5
2017-07-14,112,0.003,0.0195,0.03,0.3,32,43
2017-07-14,116,0.007,0.027,0.0285,0.4,30.5,50
2017-07-14,117,0.007,0.015,0.038,0.45,35.5,45
2017-07-15,101,0.003,0.028,0.0195,0.4,13,22
2017-07-15,104,0.003,0.023,0.026,0.3,14,19
2017-07-15,106,0.004,0.0185,0.024,0.4,16.5,24
2017-07-15,112,0.003,0.018,0.027,0.2,13,19.5
2017-07-15,116,0.006,0.02,0.026,0.3,12,22
2017-07-15,117,0.006,0.015,0.0235,0.4,13,16.5
2017-07-16,101,0.003,0.0225,0.0175,0.3,9.5,16
2017-07-16,104,0.002,0.0175,0.02,0.2,12.5,20
2017-07-16,106,0.004,0.016,0.0155,0.3,16,21
2017-07-16,112,0.003,0.0175,0.021,0.2,7,11.5
2017-07-16,116,0.006,0.019,0.016,0.3,11.5,19
2017-07-16,117,0.005,0.013,0.0125,0.4,14,18.5
2017-07-17,101,0.0035,0.027,0.0195,0.4,11.5,21
2017-07-17,104,0.003,0.0235,0.016,0.25,14.5,25
2017-07-17,106,0.004,0.018,0.0215,0.3,17.5,24
2017-07-17,112,0.003,0.0215,0.0165,0.2,13,24
2017-07-17,116,0.006,0.0215,0.0255,0.3,13,24.5
2017-07-17,117,0.006,0.0135,0.0205,0.3,13,19
2017-07-18,101,0.004,0.0335,0.026,0.4,15,25.5
2017-07-18,104,0.003,0.0225,0.0295,0.3,15.5,25
2017-07-18,106,0.005,0.029,0.0245,0.4,20,27
2017-07-18,112,0.003,0.0145,0.027,0.25,15,22
2017-07-18,116,0.006,0.026,0.028,0.4,14,28.5
2017-07-18,117,0.006,0.018,0.021,0.4,18.5,25
2017-07-19,101,0.003,0.0295,0.036,0.5,22,34.5
2017-07-19,104,0.002,0.021,0.042,0.3,24.5,32.5
2017-07-19,106,0.004,0.029,0.03,0.4,28,38
2017-07-19,112,0.003,0.015,0.038,0.3,19.5,30
2017-07-19,116,0.006,0.026,0.038,0.4,22.5,37.5
2017-07-19,117,0.006,0.019,0.03,0.5,31.5,37.5
2017-07-20,101,0.005,0.0355,0.0385,0.6,38.5,48
2017-07-20,104,0.0045,0.029,0.04,0.5,39.5,53
2017-07-20,106,0.0065,0.0275,0.0455,0.5,41,51.5
2017-07-20,112,0.0045,0.0215,0.045,0.5,40.5,50
2017-07-20,116,0.006,0.0265,0.0495,0.5,34,52.5
2017-07-20,117,0.008,0.0195,0.04,0.5,37.5,53
2017-07-21,101,0.006,0.0345,0.06,0.5,46,58
2017-07-21,104,0.004,0.0275,0.0605,0.4,47,59.5
2017-07-21,106,0.007,0.021,0.061,0.5,46,58
2017-07-21,112,0.005,0.0255,0.0655,0.4,48,59.5
2017-07-21,116,0.006,0.021,0.0705,0.4,42,64.5
2017-07-21,117,0.007,0.015,0.055,0.5,45,56
2017-07-22,101,0.006,0.028,0.0385,0.5,41.5,51.5
2017-07-22,104,0.0035,0.026,0.0305,0.4,40,54
2017-07-22,106,0.0065,0.018,0.04,0.4,43,57.5
2017-07-22,112,0.004,0.02,0.0365,0.4,43.5,57.5
2017-07-22,116,0.007,0.019,0.056,0.4,40,56
2017-07-22,117,0.006,0.013,0.0315,0.4,41.5,52
2017-07-23,101,0.003,0.026,0.034,0.5,38.5,47.5
2017-07-23,104,0.002,0.02,0.0405,0.4,34.5,47.5
2017-07-23,106,0.004,0.017,0.038,0.5,42,53.5
2017-07-23,112,0.003,0.0155,0.042,0.5,30,36.5
2017-07-23,116,0.007,0.0195,0.051,0.4,35.5,55.5
2017-07-23,117,0.005,0.011,0.026,0.5,39.5,46
2017-07-24,101,0.003,0.035,0.024,0.65,21.5,31
2017-07-24,104,0.002,0.025,0.0135,0.5,20,34
2017-07-24,106,0.004,0.043,0.0145,0.6,26,37
2017-07-24,112,0.003,0.017,0.0205,0.5,19,33.5
2017-07-24,116,0.007,0.0375,0.0375,0.5,20,38
2017-07-24,117,0.005,0.033,0.013,0.6,25,32.5
2017-07-25,101,0.003,0.021,0.0195,0.5,12,22.5
2017-07-25,104,0.002,0.0135,0.023,0.2,16,28.5
2017-07-25,106,0.004,0.018,0.019,0.4,19.5,27.5
2017-07-25,112,0.003,0.012,0.022,0.4,14,22.5
2017-07-25,116,0.007,0.0245,0.0355,0.4,17,36
2017-07-25,117,0.005,0.0205,0.0175,0.4,18,28
2017-07-26,101,0.003,0.021,0.0295,0.4,8,17.5
2017-07-26,104,0.004,0.015,0.031,0.3,11.5,19.5
2017-07-26,106,0.004,0.012,0.03,0.3,11.5,20.5
2017-07-26,112,0.003,0.0165,0.0345,0.3,7,17
2017-07-26,116,0.0065,0.019,0.0515,0.3,11,24
2017-07-26,117,0.005,0.012,0.029,0.3,13,18
2017-07-27,101,0.003,0.038,0.025,0.5,12,23.5
2017-07-27,104,0.004,0.0305,0.0205,0.4,15.5,27.5
2017-07-27,106,0.004,0.035,0.0235,0.4,15.5,26
2017-07-27,112,0.003,0.026,0.02,0.35,11,21
2017-07-27,116,0.0065,0.0365,0.03,0.45,17,33.5
2017-07-27,117,0.006,0.0225,0.0285,0.4,17,26.5
2017-07-28,101,0.003,0.038,0.011,0.6,17.5,28
2017-07-28,104,0.004,0.0325,0.0105,0.5,15,28
2017-07-28,106,0.004,0.0355,0.009,0.6,24,34
2017-07-28,112,0.003,0.03,0.008,0.5,18,33.5
2017-07-28,116,0.007,0.04,0.015,0.5,18.5,29.5
2017-07-28,117,0.005,0.0275,0.0185,0.5,23,28
2017-07-29,101,0.003,0.0195,0.0195,0.4,4,11
2017-07-29,104,0.004,0.012,0.026,0.4,8,14
2017-07-29,106,0.004,0.0135,0.022,0.4,10,16
2017-07-29,112,0.0025,0.017,0.02,0.4,3.5,7
2017-07-29,116,0.007,0.0225,0.0235,0.4,8.5,14.5
2017-07-29,117,0.005,0.0145,0.023,0.4,9.5,16
2017-07-30,101,0.003,0.017,0.0285,0.4,15.5,22.5
2017-07-30,104,0.004,0.012,0.032,0.3,16.5,23
2017-07-30,106,0.004,0.0095,0.0315,0.4,20,27
2017-07-30,112,0.003,0.01,0.0285,0.3,17,21
2017-07-30,116,0.006,0.0135,0.0395,0.3,16.5,26.5
2017-07-30,117,0.006,0.0075,0.0325,0.3,17.5,22
2017-07-31,101,0.003,0.039,0.01,0.5,9,15.5
2017-07-31,104,0.004,0.025,0.009,0.4,12,22.5
2017-07-31,106,0.004,0.032,0.009,0.5,3.5,19
2017-07-31,112,0.003,0.0285,0.01,0.5,16.5,23.5
2017-07-31,116,0.007,0.0365,0.008,0.5,11.5,16.5
2017-07-31,117,0.005,0.027,0.0095,0.45,11,17
2017-08-01,101,0.003,0.0295,0.0225,0.5,6,15
2017-08-01,104,0.004,0.023,0.029,0.2,10,20.5
2017-08-01,106,0.004,0.027,0.021,0.5,13,22.5
2017-08-01,112,0.003,0.018,0.0315,0.4,5.5,15.5
2017-08-01,116,0.007,0.0285,0.0205,0.4,12,19
2017-08-01,117,0.005,0.019,0.018,0.4,12,18
2017-08-02,101,0.003,0.0325,0.0345,0.6,25.5,33.5
2017-08-02,104,0.004,0.0135,0.0305,0.3,24,30
2017-08-02,106,0.004,0.03,0.0355,0.5,28,38
2017-08-02,112,0.003,0.011,0.0335,0.4,23,34
2017-08-02,116,0.007,0.03,0.0385,0.5,21.5,41
2017-08-02,117,0.005,0.0285,0.041,0.5,25,33
2017-08-03,101,0.003,0.028,0.0235,0.4,14,23.5
2017-08-03,104,0.004,0.0195,0.0235,0.5,16.5,23
2017-08-03,106,0.004,0.019,0.0255,0.4,16,20
2017-08-03,112,0.003,0.0205,0.023,0.4,12,20
2017-08-03,116,0.007,0.024,0.041,0.3,13.5,25
2017-08-03,117,0.005,0.0145,0.0305,0.3,13.5,19
2017-08-04,101,0.004,0.025,0.039,0.4,16,27
2017-08-04,104,0.004,0.0175,0.0395,0.4,21.5,25
2017-08-04,106,0.004,0.015,0.0395,0.3,20,24
2017-08-04,112,0.003,0.0175,0.0545,0.3,15.5,21.5
2017-08-04,116,0.006,0.022,0.0435,0.3,22,27
2017-08-04,117,0.006,0.0135,0.0355,0.3,21.5,26
2017-08-05,101,0.003,0.023,0.0305,0.4,18.5,26.5
2017-08-05,104,0.003,0.015,0.0365,0.4,19.5,22.5
2017-08-05,106,0.004,0.021,0.026,0.4,22,27.5
2017-08-05,112,0.003,0.0105,0.04,0.3,18.5,24.5
2017-08-05,116,0.0065,0.0275,0.031,0.4,25,36
2017-08-05,117,0.006,0.0205,0.0295,0.4,24.5,31.5
2017-08-06,101,0.003,0.0185,0.0275,0.4,15,21
2017-08-06,104,0.004,0.013,0.03,0.4,16,18
2017-08-06,106,0.004,0.0165,0.033,0.4,18.5,21
2017-08-06,112,0.003,0.011,0.023,0.3,16,21
2017-08-06,116,0.007,0.021,0.034,0.3,21,27
2017-08-06,117,0.006,0.015,0.0355,0.3,20,29
2017-08-07,101,0.003,0.017,0.052,0.4,20,29.5
2017-08-07,104,0.003,0.011,0.054,0.4,23.5,30.5
2017-08-07,106,0.004,0.019,0.0465,0.4,24.5,31
2017-08-07,112,0.003,0.0115,0.0515,0.3,20,28
2017-08-07,116,0.007,0.015,0.0505,0.3,20.5,35
2017-08-07,117,0.006,0.015,0.0515,0.3,26,31.5
2017-08-08,101,0.004,0.0305,0.053,0.5,27,40
2017-08-08,104,0.004,0.0165,0.06,0.4,31.5,39.5
2017-08-08,106,0.005,0.027,0.052,0.5,30,40
2017-08-08,112,0.003,0.018,0.0505,0.4,26.5,38.5
2017-08-08,116,0.007,0.025,0.054,0.4,28.5,51.5
2017-08-08,117,0.007,0.013,0.0525,0.4,35.5,43.5
2017-08-09,101,0.003,0.0205,0.0375,0.4,22.5,36
2017-08-09,104,0.0035,0.016,0.04,0.4,25,31
2017-08-09,106,0.004,0.0165,0.038,0.5,27.5,31.5
2017-08-09,112,0.003,0.0185,0.045,0.4,23.5,30.5
2017-08-09,116,0.007,0.0295,0.032,0.4,23.5,37.5
2017-08-09,117,0.006,0.0195,0.0345,0.4,26,31
2017-08-10,101,0.003,0.019,0.022,0.4,3,6
2017-08-10,104,0.003,0.012,0.026,0.3,3.5,6
2017-08-10,106,0.004,0.018,0.0215,0.4,7,5
2017-08-10,112,0.002,0.006,0.034,0.3,3,5
2017-08-10,116,0.006,0.024,0.019,0.3,4.5,8
2017-08-10,117,0.005,0.022,0.02,0.3,5.5,8
2017-08-11,101,0.003,0.0175,0.0195,0.3,3,7.5
2017-08-11,104,0.003,0.009,0.0235,0.2,4,8.5
2017-08-11,106,0.004,0.014,0.019,0.3,8,7.5
2017-08-11,112,0.003,0.012,0.023,0.2,3,5
2017-08-11,116,0.0065,0.0225,0.017,0.3,6,12
2017-08-11,117,0.006,0.015,0.017,0.3,6.5,10.5
2017-08-12,101,0.003,0.016,0.0175,0.3,3,8.5
2017-08-12,104,0.003,0.009,0.02,0.2,4,8.5
2017-08-12,106,0.004,0.013,0.0165,0.3,7.5,7.5
2017-08-12,112,0.002,0.01,0.0165,0.2,3,10
2017-08-12,116,0.006,0.0195,0.016,0.25,7,13.5
2017-08-12,117,0.006,0.013,0.0145,0.3,9,13.5
2017-08-13,101,0.003,0.0125,0.0155,0.3,3,8
2017-08-13,104,0.003,0.0075,0.021,0.2,4.5,7
2017-08-13,106,0.004,0.006,0.0165,0.3,7,6
2017-08-13,112,0.002,0.01,0.02,0.2,3,5
2017-08-13,116,0.006,0.016,0.017,0.25,6,12
2017-08-13,117,0.006,0.011,0.0165,0.3,7.5,11.5
2017-08-14,101,0.002,0.0145,0.01,0.3,3,7
2017-08-14,104,0.003,0.009,0.016,0.15,3,7
2017-08-14,106,0.004,0.009,0.012,0.3,6,5.5
2017-08-14,112,0.002,0.0095,0.014,0.2,3,5
2017-08-14,116,0.006,0.0175,0.0105,0.2,4,9
2017-08-14,117,0.006,0.013,0.0085,0.3,4,10
2017-08-15,101,0.002,0.015,0.009,0.3,3,5
2017-08-15,104,0.003,0.005,0.018,0.1,3,5
2017-08-15,106,0.004,0.0115,0.011,0.3,5.5,5
2017-08-15,112,0.002,0.008,0.014,0.2,3,5
2017-08-15,116,0.006,0.016,0.009,0.3,3,6
2017-08-15,117,0.005,0.013,0.0085,0.3,4,6
2017-08-16,101,0.003,0.016,0.0125,0.3,3,5
2017-08-16,104,0.003,0.0075,0.0205,0.2,3,5
2017-08-16,106,0.004,0.014,0.0135,0.3,6,5
2017-08-16,112,0.002,0.011,0.016,0.2,3,5
2017-08-16,116,0.006,0.019,0.012,0.3,4,9
2017-08-16,117,0.005,0.0145,0.011,0.3,3.5,7.5
2017-08-17,101,0.003,0.0185,0.0105,0.4,3,8
2017-08-17,104,0.003,0.0135,0.018,0.2,6,10
2017-08-17,106,0.004,0.0165,0.01,0.3,8,9.5
2017-08-17,112,0.002,0.013,0.015,0.3,3,5.5
2017-08-17,116,0.006,0.0225,0.012,0.3,7.5,12.5
2017-08-17,117,0.005,0.015,0.0085,0.4,6.5,12.5
2017-08-18,101,0.0045,0.038,0.0105,0.5,14,22.5
2017-08-18,104,0.004,0.0225,0.013,0.3,15,19
2017-08-18,106,0.0045,0.0345,0.0075,0.5,18.5,18.5
2017-08-18,112,0.003,0.0245,0.011,0.4,13,19.5
2017-08-18,116,0.007,0.0335,0.013,0.4,17,25.5
2017-08-18,117,0.007,0.022,0.015,0.4,18.5,24.5
2017-08-19,101,0.003,0.023,0.023,0.45,12,22
2017-08-19,104,0.003,0.013,0.0285,0.1,15.5,19.5
2017-08-19,106,0.003,0.024,0.0215,0.5,18,24.5
2017-08-19,112,0.002,0.018,0.0175,0.4,14,22.5
2017-08-19,116,0.007,0.0345,0.0195,0.4,17.5,31
2017-08-19,117,0.004,0.0225,0.0175,0.5,20,28.5
2017-08-20,101,0.002,0.018,0.017,0.3,3,7.5
2017-08-20,104,0.003,0.007,0.0265,1.4,5,8.5
2017-08-20,106,0.003,0.0145,0.017,0.4,7.5,6
2017-08-20,112,0.002,0.0155,0.0225,0.3,3,5
2017-08-20,116,0.006,0.021,0.0155,0.3,6,9
2017-08-20,117,0.004,0.013,0.0215,0.4,6,9.5
2017-08-21,101,0.003,0.024,0.0165,0.4,5,12
2017-08-21,104,0.003,0.016,0.019,2,7,12
2017-08-21,106,0.003,0.016,0.018,0.3,9.5,11.5
2017-08-21,112,0.002,0.0215,0.0135,0.3,4,7.5
2017-08-21,116,0.0065,0.019,0.018,0.2,8,15.5
2017-08-21,117,0.004,0.014,0.0225,0.3,10,14
2017-08-22,101,0.005,0.029,0.0185,0.4,8,16.5
2017-08-22,104,0.005,0.0165,0.018,0,9,16
2017-08-22,106,0.005,0.021,0.018,0.4,12.5,12.5
2017-08-22,112,0.004,0.0155,0.0265,0.3,8,14
2017-08-22,116,0.007,0.023,0.0165,0.3,9,17
2017-08-22,117,0.0055,0.0155,0.026,0.35,11,14.5
2017-08-23,101,0.004,0.027,0.0035,0.45,8,23
2017-08-23,104,0.003,0.0135,0.007,0.35,10,17.5
2017-08-23,106,0.004,0.017,0.0045,0.45,13,21
2017-08-23,112,0.003,0.019,0.0085,0.35,9.5,20
2017-08-23,116,0.006,0.021,0.007,0.3,9.5,22
2017-08-23,117,0.005,0.0145,0.013,0.3,10,16
2017-08-24,101,0.004,0.021,0.0115,0.3,6.5,22
2017-08-24,104,0.0035,0.009,0.015,0.3,8,18.5
2017-08-24,106,0.004,0.0105,0.012,0.3,11,21.5
2017-08-24,112,0.002,0.011,0.016,0.2,8,19.5
2017-08-24,116,0.005,0.014,0.013,0.2,7.5,22.5
2017-08-24,117,0.004,0.011,0.014,0.2,8.5,18
2017-08-25,101,0.0035,0.0365,0.015,0.55,11.5,26
2017-08-25,104,0.004,0.015,0.019,0.4,12,23
2017-08-25,106,0.004,0.033,0.021,0.5,16,23
2017-08-25,112,0.003,0.014,0.032,0.4,8,19.5
2017-08-25,116,0.006,0.029,0.0255,0.5,13.5,31
2017-08-25,117,0.006,0.022,0.0225,0.55,16,28
2017-08-26,101,0.004,0.0245,0.033,0.4,6,21.5
2017-08-26,104,0.004,0.011,0.037,0.3,11.5,22.5
2017-08-26,106,0.004,0.025,0.0285,0.4,12.5,20.5
2017-08-26,112,0.003,0.01,0.039,0.3,6,17
2017-08-26,116,0.006,0.023,0.029,0.4,12.5,34
2017-08-26,117,0.0055,0.0175,0.0255,0.4,12.5,26
2017-08-27,101,0.003,0.0275,0.02,0.4,9.5,21.5
2017-08-27,104,0.003,0.014,0.022,0.3,11,20
2017-08-27,106,0.004,0.029,0.0165,0.5,14.5,20
2017-08-27,112,0.003,0.0155,0.027,0.3,9.5,17.5
2017-08-27,116,0.005,0.035,0.015,0.4,13.5,29
2017-08-27,117,0.005,0.023,0.0155,0.5,14,25.5
2017-08-28,101,0.003,0.0325,0.0155,0.5,13,24.5
2017-08-28,104,0.003,0.022,0.0215,0.4,15,25
2017-08-28,106,0.004,0.0335,0.019,0.5,17.5,24
2017-08-28,112,0.003,0.02,0.021,0.4,11.5,20
2017-08-28,116,0.006,0.038,0.019,0.5,21,37
2017-08-28,117,0.0055,0.0295,0.0135,0.5,20,31
2017-08-29,101,0.003,0.013,0.027,0.3,5,15
2017-08-29,104,0.003,0.006,0.0275,0.2,8,16.5
2017-08-29,106,0.003,0.015,0.024,0.4,10,15.5
2017-08-29,112,0.003,0.0075,0.0365,0.3,4,12
2017-08-29,116,0.005,0.013,0.0235,0.3,8,22
2017-08-29,117,0.005,0.0115,0.0215,0.3,8.5,20.5
2017-08-30,101,0.004,0.03,0.0165,0.4,7.5,22.5
2017-08-30,104,0.004,0.02,0.0225,0.3,10,24.5
2017-08-30,106,0.004,0.033,0.015,0.4,11,21
2017-08-30,112,0.003,0.0235,0.02,0.3,7,18
2017-08-30,116,0.006,0.0335,0.02,0.4,13,33
2017-08-30,117,0.005,0.0235,0.015,0.4,9,25
2017-08-31,101,0.004,0.033,0.0235,0.6,19,31
2017-08-31,104,0.003,0.021,0.021,0.5,18.5,31.5
2017-08-31,106,0.003,0.0325,0.025,0.6,22.5,31.5
2017-08-31,112,0.003,0.022,0.0295,0.5,19.5,27
2017-08-31,116,0.006,0.038,0.018,0.55,23,45.5
2017-08-31,117,0.005,0.02,0.0225,0.65,23,39
2017-09-01,101,0.003,0.022,0.0245,0.5,12.5,20.5
2017-09-01,104,0.003,0.0135,0.023,0.35,12.5,21
2017-09-01,106,0.003,0.0175,0.0265,0.4,15,19.5
2017-09-01,112,0.003,0.0135,0.0245,0.3,11,17
2017-09-01,116,0.0055,0.024,0.0195,0.4,14.5,34.5
2017-09-01,117,0.005,0.018,0.02,0.4,12.5,25
2017-09-02,101,0.003,0.0235,0.032,0.4,11.5,20
2017-09-02,104,0.003,0.013,0.0295,0.4,13.5,22.5
2017-09-02,106,0.003,0.022,0.0305,0.45,15,19.5
2017-09-02,112,0.003,0.014,0.031,0.35,14,18
2017-09-02,116,0.006,0.0285,0.0225,0.4,16.5,35.5
2017-09-02,117,0.005,0.019,0.0245,0.5,16.5,26.5
2017-09-03,101,0.0035,0.02,0.037,0.4,15.5,22
2017-09-03,104,0.003,0.011,0.0465,0.4,18.5,26
2017-09-03,106,0.003,0.0195,0.049,0.5,20,25
2017-09-03,112,0.003,0.0115,0.0545,0.4,17,20.5
2017-09-03,116,0.006,0.027,0.0395,0.4,25,42.5
2017-09-03,117,0.005,0.0175,0.051,0.5,25,36.5
2017-09-04,101,0.003,0.0335,0.032,0.5,13.5,21
2017-09-04,104,0.003,0.018,0.039,0.5,19.5,26.5
2017-09-04,106,0.003,0.0255,0.037,0.5,16.5,24.5
2017-09-04,112,0.003,0.023,0.0485,0.4,18.5,21
2017-09-04,116,0.006,0.0395,0.0265,0.5,21,41.5
2017-09-04,117,0.005,0.018,0.029,0.4,14.5,23.5
2017-09-05,101,0.003,0.0365,0.014,0.5,11,19
2017-09-05,104,0.003,0.0235,0.0175,0.4,12,18.5
2017-09-05,106,0.003,0.037,0.012,0.5,15,21.5
2017-09-05,112,0.003,0.0305,0.0175,0.4,11,16
2017-09-05,116,0.006,0.047,0.0075,0.5,15,31
2017-09-05,117,0.005,0.022,0.007,0.5,15,24
2017-09-06,101,0.003,0.04,0.008,0.6,14,20.5
2017-09-06,104,0.003,0.0255,0.016,0.5,16,23.5
2017-09-06,106,0.003,0.038,0.0115,0.55,17,24
2017-09-06,112,0.003,0.0305,0.016,0.4,14.5,18
2017-09-06,116,0.007,0.0435,0.009,0.4,18.5,37
2017-09-06,117,0.005,0.0245,0.0105,0.6,19,29
2017-09-07,101,0.003,0.027,0.039,0.6,23.5,30
2017-09-07,104,0.003,0.0145,0.0455,0.6,26.5,33.5
2017-09-07,106,0.003,0.029,0.0355,0.5,21,31.5
2017-09-07,112,0.003,0.014,0.041,0.4,20,22.5
2017-09-07,116,0.005,0.0285,0.0275,0.4,25.5,36
2017-09-07,117,0.005,0.022,0.0275,0.5,26.5,40
2017-09-08,101,0.004,0.0355,0.0325,0.7,39.5,52
2017-09-08,104,0.004,0.018,0.0295,0.8,32.5,47.5
2017-09-08,106,0.0055,0.029,0.0335,0.7,38,52
2017-09-08,112,0.003,0.0135,0.0305,0.6,24,28.5
2017-09-08,116,0.007,0.0255,0.031,0.7,36.5,63
2017-09-08,117,0.007,0.0205,0.025,0.8,37.5,53
2017-09-09,101,0.0035,0.0335,0.0275,0.7,40,51.5
2017-09-09,104,0.003,0.0225,0.025,0.8,37.5,49
2017-09-09,106,0.004,0.0325,0.033,0.7,44,56
2017-09-09,112,0.003,0.013,0.0395,0.5,31,35.5
2017-09-09,116,0.007,0.0275,0.0335,0.6,47.5,74.5
2017-09-09,117,0.008,0.0265,0.02,0.8,48.5,64
2017-09-10,101,0.003,0.0335,0.0195,0.65,32,39.5
2017-09-10,104,0.003,0.0165,0.0245,0.7,34,42
2017-09-10,106,0.003,0.024,0.025,0.7,39,47
2017-09-10,112,0.003,0.021,0.0305,0.6,31.5,35.5
2017-09-10,116,0.005,0.0355,0.0155,0.7,40.5,64.5
2017-09-10,117,0.005,0.0265,0.016,0.7,42,55.5
2017-09-11,101,0.003,0.0215,0.034,0.5,12.5,17
2017-09-11,104,0.003,0.0135,0.0385,0.5,14,16.5
2017-09-11,106,0.003,0.0185,0.036,0.45,16,16.5
2017-09-11,112,0.002,0.0075,0.035,0.4,7,12
2017-09-11,116,0.005,0.024,0.024,0.4,14,25
2017-09-11,117,0.005,0.019,0.024,0.45,16,20.5
2017-09-12,101,0.003,0.03,0.0215,0.5,9.5,18
2017-09-12,104,0.003,0.0155,0.0265,0.5,9.5,22.5
2017-09-12,106,0.003,0.0285,0.0155,0.5,13,21
2017-09-12,112,0.003,0.0115,0.0435,0.3,5,15
2017-09-12,116,0.006,0.0295,0.021,0.4,14,35.5
2017-09-12,117,0.0055,0.021,0.018,0.5,17,30.5
2017-09-13,101,0.003,0.032,0.0225,0.5,10,18.5
2017-09-13,104,0.003,0.017,0.02,0.45,9.5,20
2017-09-13,106,0.004,0.025,0.0235,0.4,13,19
2017-09-13,112,0.003,0.013,0.0345,0.3,5,16
2017-09-13,116,0.0055,0.028,0.017,0.4,11.5,29
2017-09-13,117,0.0055,0.02,0.023,0.4,13,26.5
2017-09-14,101,0.0035,0.0325,0.0145,0.5,12,22.5
2017-09-14,104,0.003,0.0175,0.016,0.5,10,22
2017-09-14,106,0.004,0.027,0.0175,0.5,14,23.5
2017-09-14,112,0.003,0.0175,0.027,0.3,6,18
2017-09-14,116,0.006,0.035,0.011,0.4,15.5,37.5
2017-09-14,117,0.005,0.0225,0.013,0.45,14.5,32.5
2017-09-15,101,0.003,0.018,0.026,0.4,6.5,12
2017-09-15,104,0.003,0.0085,0.0375,0.3,6.5,12.5
2017-09-15,106,0.003,0.011,0.0305,0.3,9,12.5
2017-09-15,112,0.002,0.0135,0.032,0.3,3,11.5
2017-09-15,116,0.005,0.017,0.0245,0.3,9,18.5
2017-09-15,117,0.005,0.0115,0.0275,0.3,9.5,17
2017-09-16,101,0.003,0.013,0.0275,0.3,4,8
2017-09-16,104,0.003,0.007,0.034,0.3,3,8
2017-09-16,106,0.003,0.008,0.032,0.3,6.5,7
2017-09-16,112,0.003,0.0115,0.03,0.25,3,8
2017-09-16,116,0.005,0.015,0.025,0.2,5.5,12.5
2017-09-16,117,0.004,0.011,0.0245,0.3,5,10.5
2017-09-17,101,0.003,0.009,0.027,0.3,4,7
2017-09-17,104,0.003,0.0065,0.03,0.4,3,7
2017-09-17,106,0.003,0.007,0.0295,0.3,6,5
2017-09-17,112,0.0025,0.006,0.0315,0.2,3,7
2017-09-17,116,0.005,0.011,0.021,0.2,6,13
2017-09-17,117,0.005,0.0095,0.0245,0.3,5,12.5
2017-09-18,101,0.003,0.0255,0.027,0.4,8,18
2017-09-18,104,0.003,0.017,0.029,0.5,11,19
2017-09-18,106,0.004,0.021,0.027,0.4,10.5,18
2017-09-18,112,0.003,0.015,0.0385,0.3,3.5,12.5
2017-09-18,116,0.005,0.0235,0.024,0.3,11,24.5
2017-09-18,117,0.005,0.0155,0.012,0.35,10.5,23.5
2017-09-19,101,0.004,0.0315,0.055,0.75,37,54.5
2017-09-19,104,0.004,0.02,0.057,0.8,46,62
2017-09-19,106,0.004,0.016,0.0655,0.7,41.5,58
2017-09-19,112,0.002,0.011,0.007,0.3,4.5,16
2017-09-19,116,0.006,0.021,0.0475,0.6,44.5,71.5
2017-09-19,117,0.006,0.0125,0.044,0.7,49,62
2017-09-20,101,0.003,0.019,0.03,0.4,7.5,16
2017-09-20,104,0.003,0.011,0.0325,0.4,7,19.5
2017-09-20,106,0.003,0.0145,0.032,0.3,9.5,15
2017-09-20,112,0,0,0,0,0,0
2017-09-20,116,0.005,0.0135,0.028,0.3,9,28.5
2017-09-20,117,0.005,0.0105,0.0225,0.3,7.5,22
2017-09-21,101,0.003,0.0375,0.0185,0.5,12,21.5
2017-09-21,104,0.003,0.0255,0.0225,0.55,14,24.5
2017-09-21,106,0.003,0.034,0.021,0.5,15,20.5
2017-09-21,112,0.003,0.027,0.0215,0.3,8.5,21
2017-09-21,116,0.006,0.041,0.0165,0.5,16.5,34.5
2017-09-21,117,0.005,0.027,0.0125,0.5,16,29
2017-09-22,101,0.004,0.0405,0.0335,0.5,18,26
2017-09-22,104,0.003,0.0245,0.0355,0.6,20,25
2017-09-22,106,0.004,0.037,0.033,0.5,19,24
2017-09-22,112,0.003,0.028,0.0285,0.4,17.5,26
2017-09-22,116,0.006,0.0455,0.022,0.5,23.5,35
2017-09-22,117,0.006,0.028,0.024,0.5,21,30
2017-09-23,101,0.005,0.037,0.029,0.6,26,41
2017-09-23,104,0.004,0.029,0.019,0.7,23.5,43
2017-09-23,106,0.005,0.0195,0.042,0.5,26,36
2017-09-23,112,0.004,0.0295,0.0225,0.45,27.5,51
2017-09-23,116,0.006,0.025,0.0325,0.4,27,49.5
2017-09-23,117,0.007,0.016,0.0295,0.5,28.5,41.5
2017-09-24,101,0.004,0.024,0.0365,0.6,31.5,53.5
2017-09-24,104,0.003,0.016,0.0425,0.7,34,58.5
2017-09-24,106,0.004,0.0205,0.0385,0.6,33.5,57
2017-09-24,112,0.003,0.0185,0.0325,0.5,34,58
2017-09-24,116,0.006,0.0205,0.032,0.5,38.5,71
2017-09-24,117,0.005,0.013,0.0315,0.6,38.5,58.5
2017-09-25,101,0.003,0.0365,0.028,0.6,26,38.5
2017-09-25,104,0.003,0.0265,0.031,0.7,25,38
2017-09-25,106,0.003,0.035,0.0225,0.6,26.5,39.5
2017-09-25,112,0.002,0.0215,0.0295,0.4,25,37.5
2017-09-25,116,0.005,0.0435,0.02,0.5,27,54
2017-09-25,117,0.005,0.027,0.0215,0.6,30.5,47.5
2017-09-26,101,0.003,0.0365,0.029,0.6,26.5,37.5
2017-09-26,104,0.005,0.025,0.038,0.65,25,36.5
2017-09-26,106,0.003,0.032,0.03,0.5,24.5,36
2017-09-26,112,0.003,0.021,0.033,0.4,21.5,37.5
2017-09-26,116,0.0055,0.0385,0.0205,0.5,28,54.5
2017-09-26,117,0.005,0.0225,0.023,0.5,29,42.5
2017-09-27,101,0.003,0.0285,0.0225,0.6,21,32
2017-09-27,104,0.006,0.0285,0.0265,0.7,26,43
2017-09-27,106,0.003,0.0215,0.025,0.5,27.5,41
2017-09-27,112,0.003,0.0175,0.018,0.4,30,45.5
2017-09-27,116,0.005,0.0275,0.0165,0.4,28.5,60
2017-09-27,117,0.005,0.02,0.018,0.5,25.5,45.5
2017-09-28,101,0.003,0.0185,0.031,0.4,8,17
2017-09-28,104,0.006,0.017,0.0385,0.5,6,19
2017-09-28,106,0.003,0.015,0.034,0.4,7.5,11.5
2017-09-28,112,0.003,0.0105,0.0315,0.2,4,10
2017-09-28,116,0.005,0.014,0.03,0.3,9,20.5
2017-09-28,117,0.006,0.0115,0.0265,0.3,9.5,22
2017-09-29,101,0.004,0.026,0.028,0.4,9,17
2017-09-29,104,0.006,0.0245,0.0285,0.5,7,18
2017-09-29,106,0.004,0.023,0.026,0.4,10.5,15.5
2017-09-29,112,0.003,0.0175,0.0235,0.3,5.5,14.5
2017-09-29,116,0.006,0.0225,0.022,0.3,9,24
2017-09-29,117,0.006,0.017,0.0205,0.4,8.5,21
2017-09-30,101,0.005,0.0415,0.0185,0.5,15.5,29
2017-09-30,104,0.007,0.0395,0.022,0.7,20,32
2017-09-30,106,0.005,0.0255,0.0335,0.5,19,29.5
2017-09-30,112,0.004,0.033,0.017,0.4,12,30
2017-09-30,116,0.007,0.029,0.021,0.4,17,39.5
2017-09-30,117,0.007,0.0165,0.0235,0.4,19,38.5
2017-10-01,101,0.003,0.0325,0.0205,0.5,20.5,30.5
2017-10-01,104,0.006,0.0225,0.035,0.6,17.5,25.5
2017-10-01,106,0.004,0.0285,0.022,0.6,22,30
2017-10-01,112,0.003,0.0215,0.0175,0.4,20,30
2017-10-01,116,0.006,0.033,0.018,0.5,20.5,39
2017-10-01,117,0.006,0.0225,0.015,0.5,20.5,34.5
2017-10-02,101,0.003,0.0145,0.03,0.35,9,12
2017-10-02,104,0.005,0.0155,0.0325,0.6,12,13.5
2017-10-02,106,0.003,0.013,0.032,0.4,11.5,9.5
2017-10-02,112,0.002,0.008,0.0285,0.2,6,10
2017-10-02,116,0.006,0.015,0.026,0.3,12.5,19
2017-10-02,117,0.005,0.012,0.022,0.4,11,18
2017-10-03,101,0.003,0.012,0.028,0.3,12,27
2017-10-03,104,0.005,0.0125,0.0295,0.5,10,35
2017-10-03,106,0.004,0.011,0.0285,0.4,13,28.5
2017-10-03,112,0.002,0.008,0.0285,0.2,9,28
2017-10-03,116,0.0055,0.011,0.0265,0.3,12.5,40
2017-10-03,117,0.005,0.009,0.0225,0.3,12,36.5
2017-10-04,101,0.003,0.0125,0.025,0.3,8,15.5
2017-10-04,104,0.005,0.013,0.028,0.5,7,19.5
2017-10-04,106,0.003,0.009,0.027,0.3,10,14.5
2017-10-04,112,0.002,0.008,0.0195,0.2,7,13.5
2017-10-04,116,0.005,0.012,0.023,0.3,9,24.5
2017-10-04,117,0.005,0.0085,0.0215,0.3,9,20.5
2017-10-05,101,0.003,0.014,0.023,0.3,8,13
2017-10-05,104,0.005,0.013,0.0325,0.5,7,12.5
2017-10-05,106,0.003,0.01,0.025,0.3,9,10
2017-10-05,112,0.002,0.0125,0.016,0.2,4.5,11.5
2017-10-05,116,0.005,0.0145,0.019,0.3,7.5,16.5
2017-10-05,117,0.005,0.009,0.022,0.3,9,13
2017-10-06,101,0.002,0.012,0.028,0.3,7,10.5
2017-10-06,104,0.005,0.014,0.0305,0.5,6,10.5
2017-10-06,106,0.003,0.008,0.0305,0.3,8.5,9
2017-10-06,112,0.002,0.011,0.0195,0.2,4.5,8
2017-10-06,116,0.005,0.015,0.021,0.3,7,14.5
2017-10-06,117,0.005,0.011,0.02,0.3,7,11
2017-10-07,101,0.002,0.0145,0.025,0.3,4,5
2017-10-07,104,0.005,0.016,0.02,0.6,5,7
2017-10-07,106,0.003,0.0135,0.0265,0.3,6.5,5
2017-10-07,112,0.002,0.0115,0.012,0.2,3,5
2017-10-07,116,0.005,0.017,0.0195,0.3,5.5,7.5
2017-10-07,117,0.005,0.013,0.017,0.3,6,8
2017-10-08,101,0.004,0.025,0.0225,0.4,11,15
2017-10-08,104,0.006,0.0215,0.0255,0.7,13,15.5
2017-10-08,106,0.004,0.0235,0.024,0.5,16,16.5
2017-10-08,112,0.003,0.0175,0.0165,0.3,7.5,8.5
2017-10-08,116,0.006,0.0285,0.0175,0.4,14,15
2017-10-08,117,0.0065,0.022,0.014,0.4,15.5,21.5
2017-10-09,101,0.005,0.028,0.0275,0.4,16.5,21.5
2017-10-09,104,0.007,0.0295,0.029,0.7,16.5,22
2017-10-09,106,0.006,0.019,0.0295,0.4,19,19.5
2017-10-09,112,0.0035,0.024,0.022,0.4,17,22
2017-10-09,116,0.007,0.0255,0.025,0.4,18,5
2017-10-09,117,0.009,0.018,0.0205,0.4,18.5,22
2017-10-10,101,0.003,0.028,0.007,0.5,16.5,22
2017-10-10,104,0.006,0.036,0.014,0.7,17,24
2017-10-10,106,0.004,0.0275,0.019,0.5,21,24.5
2017-10-10,112,0.003,0.0345,0.007,0.4,17,26
2017-10-10,116,0.006,0.0275,0.0165,0.35,18.5,10
2017-10-10,117,0.007,0.021,0.0135,0.45,20,28.5
2017-10-11,101,0.002,0.0145,0.024,0.35,5.5,8
2017-10-11,104,0.005,0.016,0.0245,0.6,3.5,7
2017-10-11,106,0.003,0.016,0.0235,0.4,9,7.5
2017-10-11,112,0.002,0.008,0.023,0.2,3,5
2017-10-11,116,0.0055,0.0145,0.02,0.3,6.5,12
2017-10-11,117,0.005,0.012,0.018,0.3,7,8.5
2017-10-12,101,0.002,0.025,0.0105,0.5,11.5,21.5
2017-10-12,104,0.005,0.0215,0.0155,0.6,10.5,17.5
2017-10-12,106,0.003,0.026,0.0085,0.4,14,18.5
2017-10-12,112,0.002,0.0185,0.008,0.3,9,16
2017-10-12,116,0.005,0.0255,0.012,0.3,13,30
2017-10-12,117,0.0025,0.0025,0.0025,0.15,2.5,3.5
2017-10-13,101,0.002,0.028,0.017,0.5,16,27
2017-10-13,104,0.005,0.0225,0.0135,0.7,10,18
2017-10-13,106,0.003,0.028,0.013,0.5,16,22
2017-10-13,112,0.002,0.01,0.023,0.3,10,18
2017-10-13,116,0.006,0.036,0.0065,0.4,18,38.5
2017-10-13,117,0,0,0,0,0,0
2017-10-14,101,0.002,0.0275,0.0255,0.45,12,21.5
2017-10-14,104,0.005,0.021,0.0275,0.7,7.5,16
2017-10-14,106,0.003,0.027,0.0215,0.45,13.5,16.5
2017-10-14,112,0.003,0.0145,0.024,0.3,9,16
2017-10-14,116,0.006,0.039,0.015,0.45,17.5,34.5
2017-10-14,117,0.0065,0.0265,0.021,0.5,13,21
2017-10-15,101,0.002,0.0175,0.0275,0.4,12.5,23
2017-10-15,104,0.005,0.0195,0.023,0.7,7,16.5
2017-10-15,106,0.003,0.0145,0.0255,0.4,13,16
2017-10-15,112,0.002,0.0155,0.02,0.3,8,13
2017-10-15,116,0.005,0.024,0.021,0.4,13,30.5
2017-10-15,117,0.006,0.018,0.0245,0.5,13,20.5
2017-10-16,101,0.003,0.037,0.011,0.5,15.5,27.5
2017-10-16,104,0.005,0.027,0.019,0.7,12,25
2017-10-16,106,0.004,0.033,0.011,0.5,18.5,29.5
2017-10-16,112,0.003,0.018,0.0165,0.4,12,20.5
2017-10-16,116,0.006,0.0345,0.015,0.4,20,43
2017-10-16,117,0.006,0.0285,0.0155,0.5,15,26.5
2017-10-17,101,0.004,0.034,0.0185,0.6,14,32
2017-10-17,104,0.005,0.0335,0.014,0.8,16.5,26.5
2017-10-17,106,0.004,0.039,0.0115,0.6,22,30
2017-10-17,112,0.003,0.022,0.0295,0.4,16.5,27.5
2017-10-17,116,0.006,0.046,0.008,0.5,23,53
2017-10-17,117,0.006,0.033,0.0125,0.6,20,34
2017-10-18,101,0.003,0.0325,0.02,0.4,0,0
2017-10-18,104,0.005,0.0235,0.03,0.7,12.5,21.5
2017-10-18,106,0.003,0.0235,0.022,0.4,15,19
2017-10-18,112,0.003,0.0255,0.02,0.4,11,19.5
2017-10-18,116,0.005,0.034,0.015,0.4,14,27
2017-10-18,117,0.006,0.025,0.0185,0.4,13,20.5
2017-10-19,101,0.003,0.0285,0.0165,0.4,12,17.5
2017-10-19,104,0.005,0.022,0.0245,0.7,10.5,15
2017-10-19,106,0.003,0.0255,0.0215,0.4,11,15
2017-10-19,112,0.002,0.0175,0.0265,0.3,6.5,11
2017-10-19,116,0.006,0.029,0.0145,0.3,14,24.5
2017-10-19,117,0.006,0.024,0.018,0.4,11,17.5
2017-10-20,101,0.004,0.041,0.006,0.6,18,27
2017-10-20,104,0.005,0.032,0.018,0.8,12.5,28.5
2017-10-20,106,0.003,0.039,0.013,0.55,18,25
2017-10-20,112,0.0025,0.028,0.025,0.4,12,21.5
2017-10-20,116,0.006,0.0445,0.0105,0.5,20.5,39.5
2017-10-20,117,0.006,0.0345,0.0135,0.6,16,26
2017-10-21,101,0.004,0.044,0.009,0.7,23.5,27
2017-10-21,104,0.005,0.039,0.016,0.9,18.5,29
2017-10-21,106,0.004,0.044,0.0045,0.7,26,35.5
2017-10-21,112,0.002,0.019,0.027,0.5,18,29.5
2017-10-21,116,0.006,0.048,0.006,0.55,29,56
2017-10-21,117,0.006,0.0405,0.0105,0.7,25,36.5
2017-10-22,101,0.004,0.014,0.033,0.3,10,27
2017-10-22,104,0.005,0.011,0.039,0.7,12,19.5
2017-10-22,106,0.003,0.011,0.0335,0.4,12.5,20.5
2017-10-22,112,0.002,0.011,0.038,0.3,7.5,15
2017-10-22,116,0.006,0.019,0.022,0.3,13,30.5
2017-10-22,117,0.006,0.0145,0.03,0.4,11,26
2017-10-23,101,0.0035,0.022,0.031,0.4,9,27
2017-10-23,104,0.005,0.0165,0.0385,0.7,9.5,19
2017-10-23,106,0.003,0.021,0.033,0.35,11.5,19.5
2017-10-23,112,0.002,0.0165,0.0335,0.3,6,18
2017-10-23,116,0.005,0.025,0.024,0.3,12,34
2017-10-23,117,0.006,0.0225,0.0275,0.4,12,28
2017-10-24,101,0.004,0.036,0.0145,0.5,16,31
2017-10-24,104,0.005,0.033,0.014,0.75,12,26
2017-10-24,106,0.003,0.0365,0.014,0.5,16,28.5
2017-10-24,112,0.003,0.0245,0.0185,0.4,10,22.5
2017-10-24,116,0.006,0.0455,0.0095,0.4,16,38
2017-10-24,117,0.006,0.0345,0.01,0.55,17,32.5
2017-10-25,101,0.004,0.0465,0.0175,0.6,22,38
2017-10-25,104,0.005,0.0335,0.0135,0.5,20.5,33
2017-10-25,106,0.004,0.045,0.009,0.6,22,33.5
2017-10-25,112,0.003,0.0345,0.0145,0.5,19,30.5
2017-10-25,116,0.006,0.0455,0.0115,0.5,27,28.5
2017-10-25,117,0.007,0.0455,0.006,0.8,24,42.5
2017-10-26,101,0.004,0.0495,0.0105,0.7,28,46
2017-10-26,104,0.0055,0.0405,0.022,0.6,26,43
2017-10-26,106,0.004,0.0485,0.012,0.7,29,45.5
2017-10-26,112,0.003,0.0295,0.025,0.6,28,44.5
2017-10-26,116,0.0025,0.02,0.001,0.25,32.5,24.5
2017-10-26,117,0.007,0.049,0.009,0.8,29,50
2017-10-27,101,0.005,0.0515,0.014,0.8,39,60
2017-10-27,104,0.005,0.036,0.0155,0.8,28,43
2017-10-27,106,0.004,0.045,0.014,0.8,39,55.5
2017-10-27,112,0.003,0.0265,0.0295,0.7,30,43.5
2017-10-27,116,0,0,0,0,37.5,0
2017-10-27,117,0.007,0.043,0.0215,0.9,34.5,59.5
2017-10-28,101,0.004,0.043,0.021,0.6,28,46
2017-10-28,104,0.005,0.0325,0.026,0.6,22,38.5
2017-10-28,106,0.004,0.0405,0.02,0.6,29.5,46
2017-10-28,112,0.003,0.0335,0.021,0.6,23.5,34
2017-10-28,116,0.005,0.052,0.0075,0.9,34.5,51
2017-10-28,117,0.007,0.046,0.006,0.8,27.5,47.5
2017-10-29,101,0.004,0.013,0.03,0.5,26.5,54
2017-10-29,104,0.005,0.016,0.0325,0.5,19.5,51.5
2017-10-29,106,0.003,0.0145,0.0265,0.45,29,56
2017-10-29,112,0.003,0.008,0.039,0.45,24,55.5
2017-10-29,116,0.005,0.013,0.021,0.5,27.5,71
2017-10-29,117,0.007,0.013,0.027,0.45,22,71
2017-10-30,101,0.004,0.0215,0.026,0.2,13,35
2017-10-30,104,0.005,0.019,0.03,0.45,8,29.5
2017-10-30,106,0.004,0.0205,0.025,0.4,12,26
2017-10-30,112,0.003,0.018,0.0335,0.4,11,30
2017-10-30,116,0.004,0.021,0.0165,0.5,14,35
2017-10-30,117,0.006,0.019,0.0195,0.4,14,36
2017-10-31,101,0.005,0.0425,0.008,0.3,16,33
2017-10-31,104,0.006,0.0405,0.0125,0.6,10.5,26.5
2017-10-31,106,0.004,0.0385,0.01,0.6,15,25.5
2017-10-31,112,0.0035,0.0305,0.0215,0.45,12,24.5
2017-10-31,116,0.005,0.0455,0.005,0.7,4,35.5
2017-10-31,117,0.007,0.027,0.0085,0.5,13,32
2017-11-01,101,0.005,0.0445,0.018,0.3,22.5,42
2017-11-01,104,0.007,0.038,0.02,0.65,17.5,30.5
2017-11-01,106,0.005,0.0305,0.0255,0.5,19.5,29
2017-11-01,112,0.004,0.04,0.0225,0.5,20,38.5
2017-11-01,116,0.005,0.0385,0.009,0.6,22,38
2017-11-01,117,0.008,0.0235,0.016,0.5,18,35
2017-11-02,101,0.005,0.042,0.024,0.3,29.5,51
2017-11-02,104,0.007,0.039,0.02,0.7,23.5,34
2017-11-02,106,0.004,0.0315,0.0265,0.5,25.5,35.5
2017-11-02,112,0.0045,0.035,0.0175,0.5,23,37
2017-11-02,116,0.005,0.0375,0.0105,0.6,26,40.5
2017-11-02,117,0.0075,0.021,0.02,0.4,24.5,41
2017-11-03,101,0.005,0.022,0.031,0.4,28,39
2017-11-03,104,0.006,0.02,0.034,0.6,21.5,32
2017-11-03,106,0.004,0.0165,0.032,0.4,25.5,33
2017-11-03,112,0.0035,0.0135,0.043,0.4,24,33.5
2017-11-03,116,0.005,0.0225,0.0135,0.55,29.5,39.5
2017-11-03,117,0.0065,0.014,0.021,0.4,27,38.5
2017-11-04,101,0.004,0.0255,0.023,0.5,37.5,46.5
2017-11-04,104,0.005,0.021,0.028,0.7,34,46.5
2017-11-04,106,0.003,0.0225,0.024,0.5,37,45
2017-11-04,112,0.003,0.015,0.03,0.4,36.5,46
2017-11-04,116,0.004,0.022,0.0125,0.65,56.5,64.5
2017-11-04,117,0.006,0.016,0.0155,0.5,48.5,58.5
2017-11-05,101,0.005,0.042,0.007,0.6,30,37.5
2017-11-05,104,0.005,0.0315,0.017,0.7,21,26
2017-11-05,106,0.004,0.034,0.009,0.6,27,35
2017-11-05,112,0.003,0.026,0.0205,0.5,22,30
2017-11-05,116,0.004,0.0465,0.004,0.8,26.5,37.5
2017-11-05,117,0.006,0.0265,0.0055,0.6,26.5,37
2017-11-06,101,0.0055,0.0505,0.005,0.75,24,37.5
2017-11-06,104,0.006,0.0455,0.003,0.8,17,30
2017-11-06,106,0.004,0.0465,0.0035,0.7,22.5,28
2017-11-06,112,0.004,0.044,0.014,0.6,19,28
2017-11-06,116,0.005,0.051,0.004,0.7,21,32.5
2017-11-06,117,0.007,0.0315,0.003,0.6,20.5,29
2017-11-07,101,0.005,0.055,0.002,0.75,29,44.5
2017-11-07,104,0.006,0.0495,0.003,0.8,19,29.5
2017-11-07,106,0.004,0.048,0.003,0.6,27.5,38.5
2017-11-07,112,0.004,0.049,0.0025,0.6,22,43
2017-11-07,116,0.005,0.057,0.003,0.8,27,38
2017-11-07,117,0.007,0.0335,0.0025,0.6,24,37.5
2017-11-08,101,0.005,0.022,0.034,0.4,24,50
2017-11-08,104,0.006,0.021,0.0235,0.6,18.5,45
2017-11-08,106,0.004,0.021,0.028,0.4,27,42
2017-11-08,112,0.004,0.011,0.048,0.3,24.5,60.5
2017-11-08,116,0.005,0.0185,0.0155,0.5,27,50
2017-11-08,117,0.007,0.014,0.021,0.4,27.5,59
2017-11-09,101,0.005,0.0415,0.0085,0.6,25,47.5
2017-11-09,104,0.006,0.044,0.0125,0.8,23,44.5
2017-11-09,106,0.004,0.0395,0.0085,0.6,23,35.5
2017-11-09,112,0.004,0.0385,0.0165,0.5,21,45.5
2017-11-09,116,0.005,0.0555,0.003,0.8,25,52
2017-11-09,117,0.006,0.026,0.005,0.6,22.5,49
2017-11-10,101,0.005,0.036,0.0175,0.7,24,45
2017-11-10,104,0.006,0.0315,0.02,0.8,19,40
2017-11-10,106,0.004,0.029,0.012,0.6,25,38.5
2017-11-10,112,0.004,0.031,0.0235,0.45,20.5,42.5
2017-11-10,116,0.005,0.034,0.0065,0.75,25.5,46
2017-11-10,117,0.006,0.02,0.012,0.5,20,45
2017-11-11,101,0.004,0.0135,0.021,0.4,12,66
2017-11-11,104,0.005,0.016,0.0215,0.7,11.5,78
2017-11-11,106,0.004,0.015,0.017,0.4,12,44.5
2017-11-11,112,0.003,0.01,0.0305,0.3,8,70.5
2017-11-11,116,0.004,0.0165,0.0105,0.5,16.5,51.5
2017-11-11,117,0.005,0.0115,0.015,0.3,14,61
2017-11-12,101,0.004,0.036,0.0095,0.55,18.5,28
2017-11-12,104,0.005,0.028,0.013,0.8,13,25.5
2017-11-12,106,0.004,0.0325,0.0085,0.6,15.5,20
2017-11-12,112,0.003,0.0275,0.0145,0.5,13,24.5
2017-11-12,116,0.005,0.038,0.004,0.7,21,31
2017-11-12,117,0.006,0.023,0.0065,0.5,18.5,31
2017-11-13,101,0.005,0.047,0.003,0.75,24.5,37.5
2017-11-13,104,0.006,0.041,0.0075,0.9,19.5,33
2017-11-13,106,0.004,0.043,0.003,0.7,24,32
2017-11-13,112,0.0045,0.0395,0.005,0.6,24,46
2017-11-13,116,0.005,0.054,0.003,0.9,24,41.5
2017-11-13,117,0.0065,0.0295,0.003,0.7,23,40.5
2017-11-14,101,0.005,0.025,0.018,0.5,14.5,35
2017-11-14,104,0.006,0.025,0.021,0.8,13.5,49.5
2017-11-14,106,0.005,0.0225,0.0155,0.4,14.5,26
2017-11-14,112,0.004,0.0155,0.029,0.45,9,35
2017-11-14,116,0.005,0.0245,0.011,0.6,17,36.5
2017-11-14,117,0.006,0.017,0.0125,0.4,15,37.5
2017-11-15,101,0.005,0.0175,0.0225,0.4,12,22.5
2017-11-15,104,0.006,0.019,0.021,0.8,10.5,25
2017-11-15,106,0.004,0.0165,0.0195,0.4,11,16
2017-11-15,112,0.0035,0.0095,0.034,0.3,7.5,21
2017-11-15,116,0.004,0.0195,0.025,0.6,14,27
2017-11-15,117,0.006,0.015,0.014,0.4,12,24.5
2017-11-16,101,0.005,0.0305,0.0125,0.5,13,22.5
2017-11-16,104,0.006,0.025,0.0175,0.9,10.5,26
2017-11-16,106,0.004,0.025,0.0155,0.5,11,15
2017-11-16,112,0.0035,0.0245,0.0185,0.5,11,22
2017-11-16,116,0.004,0.026,0.0215,0.6,13.5,24.5
2017-11-16,117,0.006,0.018,0.0115,0.4,13,25
2017-11-17,101,0.006,0.0485,0.002,0.8,20,33.5
2017-11-17,104,0.006,0.045,0.0045,1.05,15,37.5
2017-11-17,106,0.005,0.044,0.002,0.7,23.5,33
2017-11-17,112,0.004,0.047,0.002,0.6,18,36.5
2017-11-17,116,0.005,0.057,0.003,1,20,35
2017-11-17,117,0.006,0.029,0.002,0.8,20,38
2017-11-18,101,0.005,0.013,0.0235,0.4,12.5,35.5
2017-11-18,104,0.006,0.016,0.0255,0.9,14.5,40.5
2017-11-18,106,0.004,0.012,0.023,0.4,12,24.5
2017-11-18,112,0.003,0.007,0.033,0.3,11,36.5
2017-11-18,116,0.004,0.0145,0.0275,0.6,13,33
2017-11-18,117,0.005,0.01,0.0165,0.4,14,35
2017-11-19,101,0.005,0.0145,0.0235,0.4,11.5,24
2017-11-19,104,0.006,0.018,0.0235,1,11,28.5
2017-11-19,106,0.004,0.013,0.0205,0.4,11.5,13
2017-11-19,112,0.003,0.011,0.028,0.4,8,21.5
2017-11-19,116,0.004,0.019,0.026,0.6,11.5,22.5
2017-11-19,117,0.006,0.014,0.015,0.4,12,23.5
2017-11-20,101,0.006,0.0455,0.006,0.65,19.5,32.5
2017-11-20,104,0.007,0.044,0.008,1.2,19,35.5
2017-11-20,106,0.005,0.039,0.0065,0.6,18,23.5
2017-11-20,112,0.004,0.0425,0.0085,0.6,16.5,34
2017-11-20,116,0.005,0.051,0.009,0.8,21.5,31.5
2017-11-20,117,0.006,0.029,0.005,0.6,20,33.5
2017-11-21,101,0.006,0.047,0.002,0.85,32,50.5
2017-11-21,104,0.0065,0.039,0.006,0.85,21.5,43.5
2017-11-21,106,0.005,0.0435,0.002,0.8,29.5,41
2017-11-21,112,0.004,0.051,0.005,0.75,27,48.5
2017-11-21,116,0.005,0.055,0.003,1.2,27,45
2017-11-21,117,0.007,0.0315,0.002,0.8,29,43
2017-11-22,101,0.006,0.051,0.005,0.8,37.5,53.5
2017-11-22,104,0.007,0.0445,0.0075,0.5,23.5,46
2017-11-22,106,0.005,0.043,0.0045,0.7,32,47.5
2017-11-22,112,0.004,0.051,0.0055,0.7,35.5,54
2017-11-22,116,0.005,0.052,0.008,1,26,39
2017-11-22,117,0.0065,0.027,0.0065,0.7,22,37
2017-11-23,101,0.005,0.0285,0.0135,0.45,10,21.5
2017-11-23,104,0.006,0.0265,0.016,0.3,10,26.5
2017-11-23,106,0.004,0.024,0.012,0.45,10,14
2017-11-23,112,0.003,0.015,0.0265,0.4,7,18
2017-11-23,116,0.005,0.0305,0.0155,0.7,12.5,23.5
2017-11-23,117,0.006,0.02,0.01,0.4,10.5,20.5
2017-11-24,101,0.005,0.0315,0.01,0.5,11,18
2017-11-24,104,0.005,0.0265,0.01,0.4,11,19
2017-11-24,106,0.004,0.025,0.011,0.4,10,10.5
2017-11-24,112,0.003,0.02,0.0155,0.4,8,14.5
2017-11-24,116,0.004,0.034,0.009,0.6,12.5,17.5
2017-11-24,117,0.006,0.0235,0.006,0.4,11,19.5
2017-11-25,101,0.005,0.0455,0.003,0.7,15,22.5
2017-11-25,104,0.005,0.038,0.0055,0.5,13,23
2017-11-25,106,0.004,0.04,0.002,0.6,14,15.5
2017-11-25,112,0.003,0.043,0.003,0.6,11.5,19.5
2017-11-25,116,0.0045,0.0465,0.003,0.7,13,22
2017-11-25,117,0.006,0.0295,0.0025,0.5,14,22
2017-11-26,101,0.005,0.0385,0.0055,0.8,18,38
2017-11-26,104,0.005,0.029,0.0085,0.6,17,31
2017-11-26,106,0.004,0.037,0.0045,0.7,30.5,37.5
2017-11-26,112,0.003,0.0315,0.0105,0.7,18.5,31.5
2017-11-26,116,0.004,0.0295,0.0065,0.65,19,28
2017-11-26,117,0.006,0.028,0.004,0.7,25,37.5
2017-11-27,101,0.006,0.0475,0.0035,0.8,18,40.5
2017-11-27,104,0.006,0.048,0.006,0.65,25.5,46
2017-11-27,106,0.004,0.0475,0.002,0.8,23.5,31
2017-11-27,112,0.004,0.0475,0.009,0.7,22,41.5
2017-11-27,116,0.005,0.0555,0.0035,0.8,29.5,52
2017-11-27,117,0.006,0.031,0.003,0.7,26,41
2017-11-28,101,0.008,0.074,0.002,1.35,37,70.5
2017-11-28,104,0.0075,0.063,0.004,0.9,39,56.5
2017-11-28,106,0.005,0.065,0.002,1,46,61
2017-11-28,112,0.006,0.0695,0.002,1.1,48.5,74.5
2017-11-28,116,0.007,0.0615,0.003,1.1,40.5,59
2017-11-28,117,0.0075,0.04,0.002,0.95,41.5,63.5
2017-11-29,101,0.006,0.026,0.016,0.5,15,66
2017-11-29,104,0.006,0.022,0.02,0.4,14,60.5
2017-11-29,106,0.004,0.0245,0.012,0.5,14,44.5
2017-11-29,112,0.004,0.0155,0.0285,0.4,12.5,60.5
2017-11-29,116,0.005,0.019,0.0225,0.4,12.5,53.5
2017-11-29,117,0.005,0.017,0.012,0.4,12.5,54.5
2017-11-30,101,0.005,0.019,0.025,0.4,8,22
2017-11-30,104,0.006,0.0185,0.0265,0.4,8.5,29.5
2017-11-30,106,0.004,0.019,0.024,0.4,8.5,18
2017-11-30,112,0.003,0.007,0.038,0.3,4,17
2017-11-30,116,0.004,0.0195,0.0295,0.3,8,22.5
2017-11-30,117,0.005,0.0165,0.017,0.3,7.5,22.5
2017-12-01,101,0.005,0.041,0.013,0.5,11.5,21.5
2017-12-01,104,0.006,0.0335,0.015,0.5,14,32.5
2017-12-01,106,0.005,0.041,0.01,0.5,11,17
2017-12-01,112,0.003,0.031,0.014,0.55,9.5,20
2017-12-01,116,0.005,0.0355,0.0205,0.45,12,23.5
2017-12-01,117,0.0065,0.0235,0.0105,0.45,10.5,22
2017-12-02,101,0.006,0.05,0.0025,0.9,25,40
2017-12-02,104,0.006,0.041,0.0075,0.5,23,40.5
2017-12-02,106,0.005,0.0475,0.002,0.7,23,31
2017-12-02,112,0.0045,0.0435,0.005,0.7,22,38
2017-12-02,116,0.005,0.054,0.003,0.8,19.5,33.5
2017-12-02,117,0.006,0.034,0.003,0.6,26,38
2017-12-03,101,0.005,0.048,0.002,0.8,31,44
2017-12-03,104,0.005,0.0415,0.0065,0.6,34,49.5
2017-12-03,106,0.004,0.0435,0.002,0.7,32.5,38.5
2017-12-03,112,0.004,0.046,0.002,0.8,37,55.5
2017-12-03,116,0.005,0.046,0.0045,0.7,28.5,37.5
2017-12-03,117,0.0065,0.033,0.0035,0.7,33,55.5
2017-12-04,101,0.005,0.0215,0.0195,0.5,17.5,30.5
2017-12-04,104,0.0045,0.021,0.022,0.35,17,28.5
2017-12-04,106,0.004,0.0195,0.018,0.45,15,21.5
2017-12-04,112,0.004,0.0105,0.033,0.35,15,25
2017-12-04,116,0.005,0.0165,0.026,0.4,9.5,23.5
2017-12-04,117,0.0065,0.015,0.0155,0.4,19.5,30.5
2017-12-05,101,0.005,0.018,0.021,0.4,10.5,20
2017-12-05,104,0.004,0.0175,0.024,0.3,13,24.5
2017-12-05,106,0.005,0.02,0.02,0.4,10,13.5
2017-12-05,112,0.0035,0.01,0.0315,0.3,8,18
2017-12-05,116,0.005,0.02,0.023,0.4,9,17.5
2017-12-05,117,0.006,0.0175,0.0125,0.4,12,22
2017-12-06,101,0.005,0.041,0.004,0.7,22,29.5
2017-12-06,104,0.003,0.0395,0.006,0.5,21,31
2017-12-06,106,0.004,0.0375,0.004,0.6,20.5,24.5
2017-12-06,112,0.0035,0.0435,0.0045,0.6,18.5,31
2017-12-06,116,0.005,0.041,0.0035,0.6,16.5,27
2017-12-06,117,0.006,0.027,0.003,0.5,20.5,36
2017-12-07,101,0.006,0.039,0.0115,0.8,31.5,41.5
2017-12-07,104,0.004,0.0315,0.0145,0.6,29,42.5
2017-12-07,106,0.005,0.0395,0.0075,0.75,32.5,39
2017-12-07,112,0.004,0.028,0.021,0.55,25.5,42
2017-12-07,116,0.005,0.037,0.011,0.65,26.5,37
2017-12-07,117,0.006,0.0255,0.007,0.55,33.5,44.5
2017-12-08,101,0.005,0.0225,0.016,0.5,20,28
2017-12-08,104,0.004,0.02,0.018,0.5,24.5,35
2017-12-08,106,0.005,0.0255,0.015,0.5,19.5,22.5
2017-12-08,112,0.004,0.0135,0.025,0.4,17,29.5
2017-12-08,116,0.005,0.022,0.018,0.5,19,27
2017-12-08,117,0.006,0.017,0.0125,0.4,24,35
2017-12-09,101,0.006,0.052,0.002,0.8,23,36
2017-12-09,104,0.004,0.0455,0.004,0.7,22,34.5
2017-12-09,106,0.005,0.051,0.002,0.8,21,31
2017-12-09,112,0.004,0.0515,0.002,0.75,18,35.5
2017-12-09,116,0.0055,0.055,0.002,0.9,21,34
2017-12-09,117,0.007,0.033,0.002,0.7,25,41.5
2017-12-10,101,0.006,0.0365,0.004,0.6,25,33.5
2017-12-10,104,0.004,0.025,0.013,0.5,21.5,32
2017-12-10,106,0.004,0.034,0.0045,0.6,24,29.5
2017-12-10,112,0.004,0.0345,0.006,0.6,19,32
2017-12-10,116,0.005,0.0395,0.008,0.7,19,28.5
2017-12-10,117,0.0065,0.0245,0.0095,0.6,24,36.5
2017-12-11,101,0.004,0.0135,0.016,0.4,9.5,35
2017-12-11,104,0.003,0.0135,0.02,0.4,12.5,54.5
2017-12-11,106,0.004,0.0155,0.0155,0.4,9.5,20
2017-12-11,112,0.003,0.006,0.0245,0.3,6.5,40
2017-12-11,116,0.004,0.013,0.021,0.4,9,28.5
2017-12-11,117,0.005,0.01,0.013,0.3,10.5,38.5
2017-12-12,101,0.005,0.019,0.0175,0.5,16,28
2017-12-12,104,0.004,0.017,0.0185,0.65,14,32.5
2017-12-12,106,0.004,0.02,0.013,0.5,16,23
2017-12-12,112,0.003,0.0135,0.0215,0.4,14.5,31
2017-12-12,116,0.004,0.016,0.0185,0.5,15.5,29
2017-12-12,117,0.006,0.0135,0.011,0.4,19.5,38.5
2017-12-13,101,0.006,0.028,0.011,0.6,19,32
2017-12-13,104,0.004,0.0215,0.0175,0.7,18,37
2017-12-13,106,0.004,0.023,0.013,0.5,18,25.5
2017-12-13,112,0.003,0.021,0.017,0.6,16,34
2017-12-13,116,0.0045,0.021,0.006,0.5,15,28.5
2017-12-13,117,0.006,0.0185,0.01,0.5,21.5,38.5
2017-12-14,101,0.006,0.05,0.0025,0.9,35,46
2017-12-14,104,0.004,0.044,0.0075,0.95,29,48
2017-12-14,106,0.005,0.0465,0.003,0.85,29.5,41
2017-12-14,112,0.003,0.0465,0.0065,0.8,29.5,47
2017-12-14,116,0.005,0.0585,0.003,1,28.5,51
2017-12-14,117,0.007,0.033,0.0025,0.9,40,59
2017-12-15,101,0.007,0.0695,0.002,1.4,59,75.5
2017-12-15,104,0.005,0.06,0.004,1.4,47,66
2017-12-15,106,0.005,0.0685,0.001,1.4,47,64
2017-12-15,112,0.005,0.0835,0.002,1.4,70,104
2017-12-15,116,0.0045,0.055,0.002,1.35,41.5,56.5
2017-12-15,117,0.007,0.0395,0.002,1.35,64,87.5
2017-12-16,101,0.006,0.018,0.021,0.5,17.5,27.5
2017-12-16,104,0.005,0.022,0.02,0.7,21,36
2017-12-16,106,0.005,0.018,0.0175,0.5,16.5,23
2017-12-16,112,0.005,0.0105,0.029,0.4,12.5,27
2017-12-16,116,-1,-1,-1,-1,-1,-1
2017-12-16,117,0.006,0.015,0.012,0.4,25,38.5
2017-12-17,101,0.006,0.0145,0.0255,0.4,11.5,32.5
2017-12-17,104,0.004,0.0165,0.0265,0.6,13.5,44
2017-12-17,106,0.004,0.015,0.023,0.4,12,25
2017-12-17,112,0.003,0.014,0.028,0.4,9.5,33
2017-12-17,116,-1,-1,-1,-1,-1,-1
2017-12-17,117,0.006,0.014,0.0135,0.4,20.5,46.5
2017-12-18,101,0.006,0.0525,0.002,0.95,33.5,45.5
2017-12-18,104,0.004,0.044,0.005,0.95,28,53
2017-12-18,106,0.005,0.047,0.002,0.8,26,42.5
2017-12-18,112,0.004,0.054,0.003,0.8,31,54.5
2017-12-18,116,-1,-1,-1,-1,-1,-1
2017-12-18,117,0.006,0.031,0.003,0.6,32,50.5
2017-12-19,101,0.006,0.022,0.016,0.5,15,40.5
2017-12-19,104,0.004,0.0235,0.017,0.8,22,51
2017-12-19,106,0.0045,0.024,0.011,0.5,16.5,36
2017-12-19,112,0.003,0.015,0.024,0.5,14,41.5
2017-12-19,116,-1,-1,-1,-1,-1,-1
2017-12-19,117,0.006,0.0205,0.0095,0.5,23.5,48.5
2017-12-20,101,0.0055,0.0475,0.002,0.8,24.5,36
2017-12-20,104,0.003,0.0395,0.006,0.95,21.5,36
2017-12-20,106,0.004,0.046,0.002,0.8,27,42
2017-12-20,112,0.003,0.0445,0.0065,0.6,20.5,37.5
2017-12-20,116,0.003,0.0435,0.0025,1,0,0
2017-12-20,117,0.006,0.031,0.002,0.7,23,42.5
2017-12-21,101,0.006,0.0575,0.002,0.9,39,49
2017-12-21,104,0.004,0.045,0.004,1.1,32,42.5
2017-12-21,106,0.005,0.048,0.0015,0.8,42,54
2017-12-21,112,0.003,0.0455,0.003,0.85,28,45
2017-12-21,116,0,0,0,0,0,0
2017-12-21,117,0.006,0.031,0.002,0.6,37,50
2017-12-22,101,0.007,0.065,0.002,1.4,40.5,53
2017-12-22,104,0.004,0.037,0.0045,1,36.5,44
2017-12-22,106,0.005,0.054,0.003,0.95,42.5,58
2017-12-22,112,0.0045,0.0615,0.002,1,47.5,72
2017-12-22,116,0,0,0,0,0,0
2017-12-22,117,0.007,0.0355,0.0025,0.85,39.5,52.5
2017-12-23,101,0.0075,0.057,0.002,1,85.5,113.5
2017-12-23,104,0.004,0.0275,0.01,0.95,90,115.5
2017-12-23,106,0.006,0.0435,0.007,0.9,98.5,131.5
2017-12-23,112,0.0045,0.057,0.002,1.3,88.5,139.5
2017-12-23,116,0,0,0,0,0,0
2017-12-23,117,0.009,0.0325,0.007,0.8,96,131
2017-12-24,101,0.006,0.036,0.0205,0.8,53.5,68
2017-12-24,104,0.003,0.0225,0.028,0.85,51,52
2017-12-24,106,0.004,0.03,0.0155,0.8,59,75
2017-12-24,112,0.004,0.0335,0.0225,0.75,54,81.5
2017-12-24,116,0,0,0,0,0,0
2017-12-24,117,0.006,0.0325,0.0085,0.75,58,72
2017-12-25,101,0.006,0.016,0.026,0.4,13.5,23
2017-12-25,104,0.003,0.012,0.027,0.4,14.5,28
2017-12-25,106,0.004,0.015,0.0225,0.4,15.5,26.5
2017-12-25,112,0.004,0.0095,0.0335,0.35,9.5,20
2017-12-25,116,0,0,0,0,0,0
2017-12-25,117,0.006,0.013,0.017,0.3,20,30.5
2017-12-26,101,0.005,0.0225,0.019,0.5,13,23.5
2017-12-26,104,0.003,0.014,0.021,0.5,14.5,29
2017-12-26,106,0.004,0.022,0.016,0.5,13.5,28
2017-12-26,112,0.004,0.0105,0.031,0.4,9.5,22
2017-12-26,116,0,0,0,0,0,0
2017-12-26,117,0.006,0.016,0.012,0.4,19,34
2017-12-27,101,0.006,0.025,0.0155,0.5,13,25
2017-12-27,104,0.003,0.013,0.0185,0.5,17.5,31.5
2017-12-27,106,0.005,0.0245,0.013,0.5,13.5,25
2017-12-27,112,0.004,0.0155,0.026,0.4,10,23
2017-12-27,116,0,0,0,0,0,0
2017-12-27,117,0.006,0.0165,0.01,0.4,17,29
2017-12-28,101,0.006,0.0485,0.0035,0.9,26.5,39.5
2017-12-28,104,0.003,0.021,0.006,0.7,28.5,49
2017-12-28,106,0.005,0.0445,0.0045,0.7,29,53
2017-12-28,112,0.004,0.044,0.0035,0.7,25.5,46
2017-12-28,116,0,0,0,0,0,0
2017-12-28,117,0.006,0.03,0.003,0.7,28.5,52
2017-12-29,101,0.008,0.0585,0.002,1,62,89.5
2017-12-29,104,0.004,0.0265,0.005,1,59,84
2017-12-29,106,0.0065,0.0545,0.002,0.9,69,108
2017-12-29,112,0.005,0.0475,0.0065,1,62,97.5
2017-12-29,116,0,0,0,0,0,0
2017-12-29,117,0.009,0.034,0.002,0.8,71,104
2017-12-30,101,0.006,0.0575,0.002,1.25,88,107
2017-12-30,104,0.004,0.029,0.004,1.1,99.5,117
2017-12-30,106,0.005,0.0545,0.002,1.1,99.5,129.5
2017-12-30,112,0.004,0.052,0.0025,1,99,139
2017-12-30,116,0.005,0.059,0.003,1.2,53,3068.5
2017-12-30,117,0.007,0.034,0.002,1.1,104,134
2017-12-31,101,0.006,0.0195,0.0255,0.6,31,66.5
2017-12-31,104,0.003,0.0175,0.024,0.85,30.5,73
2017-12-31,106,0.005,0.022,0.0185,0.6,31,70.5
2017-12-31,112,0.004,0.011,0.033,0.5,27,68.5
2017-12-31,116,0.003,0.025,0.019,0.5,14.5,3363
2017-12-31,117,0.006,0.0185,0.012,0.5,39,79.5
